regId,regName,hubId,hubName,regHub
1,Region1,1,Hub1,1-1
1,Region1,2,Hub2,1-2
1,Region1,3,Hub3,1-3
1,Region1,4,Hub4,1-4
1,Region1,5,Hub5,1-5
1,Region1,6,Hub6,1-6
1,Region1,7,Hub7,1-7
1,Region1,8,Hub8,1-8
1,Region1,9,Hub9,1-9
1,Region1,10,Hub10,1-10
1,Region1,11,Hub11,1-11
1,Region1,12,Hub12,1-12
1,Region1,13,Hub13,1-13
1,Region1,14,Hub14,1-14
1,Region1,15,Hub15,1-15
1,Region1,16,Hub16,1-16
1,Region1,17,Hub17,1-17
1,Region1,18,Hub18,1-18
1,Region1,19,Hub19,1-19
1,Region1,20,Hub20,1-20
1,Region1,21,Hub21,1-21
1,Region1,22,Hub22,1-22
1,Region1,23,Hub23,1-23
1,Region1,24,Hub24,1-24
1,Region1,25,Hub25,1-25
1,Region1,26,Hub26,1-26
1,Region1,27,Hub27,1-27
1,Region1,28,Hub28,1-28
1,Region1,29,Hub29,1-29
1,Region1,30,Hub30,1-30
1,Region1,31,Hub31,1-31
1,Region1,32,Hub32,1-32
1,Region1,33,Hub33,1-33
1,Region1,34,Hub34,1-34
1,Region1,35,Hub35,1-35
1,Region1,36,Hub36,1-36
1,Region1,37,Hub37,1-37
1,Region1,38,Hub38,1-38
1,Region1,39,Hub39,1-39
1,Region1,40,Hub40,1-40
1,Region1,41,Hub41,1-41
1,Region1,42,Hub42,1-42
1,Region1,43,Hub43,1-43
1,Region1,44,Hub44,1-44
1,Region1,45,Hub45,1-45
1,Region1,46,Hub46,1-46
1,Region1,47,Hub47,1-47
1,Region1,48,Hub48,1-48
1,Region1,49,Hub49,1-49
1,Region1,50,Hub50,1-50
1,Region1,51,Hub51,1-51
1,Region1,52,Hub52,1-52
1,Region1,53,Hub53,1-53
1,Region1,54,Hub54,1-54
1,Region1,55,Hub55,1-55
1,Region1,56,Hub56,1-56
1,Region1,57,Hub57,1-57
1,Region1,58,Hub58,1-58
1,Region1,59,Hub59,1-59
1,Region1,60,Hub60,1-60
1,Region1,61,Hub61,1-61
1,Region1,62,Hub62,1-62
1,Region1,63,Hub63,1-63
1,Region1,64,Hub64,1-64
1,Region1,65,Hub65,1-65
1,Region1,66,Hub66,1-66
1,Region1,67,Hub67,1-67
1,Region1,68,Hub68,1-68
1,Region1,69,Hub69,1-69
1,Region1,70,Hub70,1-70
1,Region1,71,Hub71,1-71
1,Region1,72,Hub72,1-72
1,Region1,73,Hub73,1-73
1,Region1,74,Hub74,1-74
1,Region1,75,Hub75,1-75
1,Region1,76,Hub76,1-76
1,Region1,77,Hub77,1-77
1,Region1,78,Hub78,1-78
1,Region1,79,Hub79,1-79
1,Region1,80,Hub80,1-80
1,Region1,81,Hub81,1-81
1,Region1,82,Hub82,1-82
1,Region1,83,Hub83,1-83
1,Region1,84,Hub84,1-84
1,Region1,85,Hub85,1-85
1,Region1,86,Hub86,1-86
1,Region1,87,Hub87,1-87
1,Region1,88,Hub88,1-88
1,Region1,89,Hub89,1-89
1,Region1,90,Hub90,1-90
1,Region1,91,Hub91,1-91
1,Region1,92,Hub92,1-92
1,Region1,93,Hub93,1-93
1,Region1,94,Hub94,1-94
1,Region1,95,Hub95,1-95
1,Region1,96,Hub96,1-96
1,Region1,97,Hub97,1-97
1,Region1,98,Hub98,1-98
1,Region1,99,Hub99,1-99
1,Region1,100,Hub100,1-100
2,Region2,1,Hub1,2-1
2,Region2,2,Hub2,2-2
2,Region2,3,Hub3,2-3
2,Region2,4,Hub4,2-4
2,Region2,5,Hub5,2-5
2,Region2,6,Hub6,2-6
2,Region2,7,Hub7,2-7
2,Region2,8,Hub8,2-8
2,Region2,9,Hub9,2-9
2,Region2,10,Hub10,2-10
2,Region2,11,Hub11,2-11
2,Region2,12,Hub12,2-12
2,Region2,13,Hub13,2-13
2,Region2,14,Hub14,2-14
2,Region2,15,Hub15,2-15
2,Region2,16,Hub16,2-16
2,Region2,17,Hub17,2-17
2,Region2,18,Hub18,2-18
2,Region2,19,Hub19,2-19
2,Region2,20,Hub20,2-20
2,Region2,21,Hub21,2-21
2,Region2,22,Hub22,2-22
2,Region2,23,Hub23,2-23
2,Region2,24,Hub24,2-24
2,Region2,25,Hub25,2-25
2,Region2,26,Hub26,2-26
2,Region2,27,Hub27,2-27
2,Region2,28,Hub28,2-28
2,Region2,29,Hub29,2-29
2,Region2,30,Hub30,2-30
2,Region2,31,Hub31,2-31
2,Region2,32,Hub32,2-32
2,Region2,33,Hub33,2-33
2,Region2,34,Hub34,2-34
2,Region2,35,Hub35,2-35
2,Region2,36,Hub36,2-36
2,Region2,37,Hub37,2-37
2,Region2,38,Hub38,2-38
2,Region2,39,Hub39,2-39
2,Region2,40,Hub40,2-40
2,Region2,41,Hub41,2-41
2,Region2,42,Hub42,2-42
2,Region2,43,Hub43,2-43
2,Region2,44,Hub44,2-44
2,Region2,45,Hub45,2-45
2,Region2,46,Hub46,2-46
2,Region2,47,Hub47,2-47
2,Region2,48,Hub48,2-48
2,Region2,49,Hub49,2-49
2,Region2,50,Hub50,2-50
2,Region2,51,Hub51,2-51
2,Region2,52,Hub52,2-52
2,Region2,53,Hub53,2-53
2,Region2,54,Hub54,2-54
2,Region2,55,Hub55,2-55
2,Region2,56,Hub56,2-56
2,Region2,57,Hub57,2-57
2,Region2,58,Hub58,2-58
2,Region2,59,Hub59,2-59
2,Region2,60,Hub60,2-60
2,Region2,61,Hub61,2-61
2,Region2,62,Hub62,2-62
2,Region2,63,Hub63,2-63
2,Region2,64,Hub64,2-64
2,Region2,65,Hub65,2-65
2,Region2,66,Hub66,2-66
2,Region2,67,Hub67,2-67
2,Region2,68,Hub68,2-68
2,Region2,69,Hub69,2-69
2,Region2,70,Hub70,2-70
2,Region2,71,Hub71,2-71
2,Region2,72,Hub72,2-72
2,Region2,73,Hub73,2-73
2,Region2,74,Hub74,2-74
2,Region2,75,Hub75,2-75
2,Region2,76,Hub76,2-76
2,Region2,77,Hub77,2-77
2,Region2,78,Hub78,2-78
2,Region2,79,Hub79,2-79
2,Region2,80,Hub80,2-80
2,Region2,81,Hub81,2-81
2,Region2,82,Hub82,2-82
2,Region2,83,Hub83,2-83
2,Region2,84,Hub84,2-84
2,Region2,85,Hub85,2-85
2,Region2,86,Hub86,2-86
2,Region2,87,Hub87,2-87
2,Region2,88,Hub88,2-88
2,Region2,89,Hub89,2-89
2,Region2,90,Hub90,2-90
2,Region2,91,Hub91,2-91
2,Region2,92,Hub92,2-92
2,Region2,93,Hub93,2-93
2,Region2,94,Hub94,2-94
2,Region2,95,Hub95,2-95
2,Region2,96,Hub96,2-96
2,Region2,97,Hub97,2-97
2,Region2,98,Hub98,2-98
2,Region2,99,Hub99,2-99
2,Region2,100,Hub100,2-100
3,Region3,1,Hub1,3-1
3,Region3,2,Hub2,3-2
3,Region3,3,Hub3,3-3
3,Region3,4,Hub4,3-4
3,Region3,5,Hub5,3-5
3,Region3,6,Hub6,3-6
3,Region3,7,Hub7,3-7
3,Region3,8,Hub8,3-8
3,Region3,9,Hub9,3-9
3,Region3,10,Hub10,3-10
3,Region3,11,Hub11,3-11
3,Region3,12,Hub12,3-12
3,Region3,13,Hub13,3-13
3,Region3,14,Hub14,3-14
3,Region3,15,Hub15,3-15
3,Region3,16,Hub16,3-16
3,Region3,17,Hub17,3-17
3,Region3,18,Hub18,3-18
3,Region3,19,Hub19,3-19
3,Region3,20,Hub20,3-20
3,Region3,21,Hub21,3-21
3,Region3,22,Hub22,3-22
3,Region3,23,Hub23,3-23
3,Region3,24,Hub24,3-24
3,Region3,25,Hub25,3-25
3,Region3,26,Hub26,3-26
3,Region3,27,Hub27,3-27
3,Region3,28,Hub28,3-28
3,Region3,29,Hub29,3-29
3,Region3,30,Hub30,3-30
3,Region3,31,Hub31,3-31
3,Region3,32,Hub32,3-32
3,Region3,33,Hub33,3-33
3,Region3,34,Hub34,3-34
3,Region3,35,Hub35,3-35
3,Region3,36,Hub36,3-36
3,Region3,37,Hub37,3-37
3,Region3,38,Hub38,3-38
3,Region3,39,Hub39,3-39
3,Region3,40,Hub40,3-40
3,Region3,41,Hub41,3-41
3,Region3,42,Hub42,3-42
3,Region3,43,Hub43,3-43
3,Region3,44,Hub44,3-44
3,Region3,45,Hub45,3-45
3,Region3,46,Hub46,3-46
3,Region3,47,Hub47,3-47
3,Region3,48,Hub48,3-48
3,Region3,49,Hub49,3-49
3,Region3,50,Hub50,3-50
3,Region3,51,Hub51,3-51
3,Region3,52,Hub52,3-52
3,Region3,53,Hub53,3-53
3,Region3,54,Hub54,3-54
3,Region3,55,Hub55,3-55
3,Region3,56,Hub56,3-56
3,Region3,57,Hub57,3-57
3,Region3,58,Hub58,3-58
3,Region3,59,Hub59,3-59
3,Region3,60,Hub60,3-60
3,Region3,61,Hub61,3-61
3,Region3,62,Hub62,3-62
3,Region3,63,Hub63,3-63
3,Region3,64,Hub64,3-64
3,Region3,65,Hub65,3-65
3,Region3,66,Hub66,3-66
3,Region3,67,Hub67,3-67
3,Region3,68,Hub68,3-68
3,Region3,69,Hub69,3-69
3,Region3,70,Hub70,3-70
3,Region3,71,Hub71,3-71
3,Region3,72,Hub72,3-72
3,Region3,73,Hub73,3-73
3,Region3,74,Hub74,3-74
3,Region3,75,Hub75,3-75
3,Region3,76,Hub76,3-76
3,Region3,77,Hub77,3-77
3,Region3,78,Hub78,3-78
3,Region3,79,Hub79,3-79
3,Region3,80,Hub80,3-80
3,Region3,81,Hub81,3-81
3,Region3,82,Hub82,3-82
3,Region3,83,Hub83,3-83
3,Region3,84,Hub84,3-84
3,Region3,85,Hub85,3-85
3,Region3,86,Hub86,3-86
3,Region3,87,Hub87,3-87
3,Region3,88,Hub88,3-88
3,Region3,89,Hub89,3-89
3,Region3,90,Hub90,3-90
3,Region3,91,Hub91,3-91
3,Region3,92,Hub92,3-92
3,Region3,93,Hub93,3-93
3,Region3,94,Hub94,3-94
3,Region3,95,Hub95,3-95
3,Region3,96,Hub96,3-96
3,Region3,97,Hub97,3-97
3,Region3,98,Hub98,3-98
3,Region3,99,Hub99,3-99
3,Region3,100,Hub100,3-100
4,Region4,1,Hub1,4-1
4,Region4,2,Hub2,4-2
4,Region4,3,Hub3,4-3
4,Region4,4,Hub4,4-4
4,Region4,5,Hub5,4-5
4,Region4,6,Hub6,4-6
4,Region4,7,Hub7,4-7
4,Region4,8,Hub8,4-8
4,Region4,9,Hub9,4-9
4,Region4,10,Hub10,4-10
4,Region4,11,Hub11,4-11
4,Region4,12,Hub12,4-12
4,Region4,13,Hub13,4-13
4,Region4,14,Hub14,4-14
4,Region4,15,Hub15,4-15
4,Region4,16,Hub16,4-16
4,Region4,17,Hub17,4-17
4,Region4,18,Hub18,4-18
4,Region4,19,Hub19,4-19
4,Region4,20,Hub20,4-20
4,Region4,21,Hub21,4-21
4,Region4,22,Hub22,4-22
4,Region4,23,Hub23,4-23
4,Region4,24,Hub24,4-24
4,Region4,25,Hub25,4-25
4,Region4,26,Hub26,4-26
4,Region4,27,Hub27,4-27
4,Region4,28,Hub28,4-28
4,Region4,29,Hub29,4-29
4,Region4,30,Hub30,4-30
4,Region4,31,Hub31,4-31
4,Region4,32,Hub32,4-32
4,Region4,33,Hub33,4-33
4,Region4,34,Hub34,4-34
4,Region4,35,Hub35,4-35
4,Region4,36,Hub36,4-36
4,Region4,37,Hub37,4-37
4,Region4,38,Hub38,4-38
4,Region4,39,Hub39,4-39
4,Region4,40,Hub40,4-40
4,Region4,41,Hub41,4-41
4,Region4,42,Hub42,4-42
4,Region4,43,Hub43,4-43
4,Region4,44,Hub44,4-44
4,Region4,45,Hub45,4-45
4,Region4,46,Hub46,4-46
4,Region4,47,Hub47,4-47
4,Region4,48,Hub48,4-48
4,Region4,49,Hub49,4-49
4,Region4,50,Hub50,4-50
4,Region4,51,Hub51,4-51
4,Region4,52,Hub52,4-52
4,Region4,53,Hub53,4-53
4,Region4,54,Hub54,4-54
4,Region4,55,Hub55,4-55
4,Region4,56,Hub56,4-56
4,Region4,57,Hub57,4-57
4,Region4,58,Hub58,4-58
4,Region4,59,Hub59,4-59
4,Region4,60,Hub60,4-60
4,Region4,61,Hub61,4-61
4,Region4,62,Hub62,4-62
4,Region4,63,Hub63,4-63
4,Region4,64,Hub64,4-64
4,Region4,65,Hub65,4-65
4,Region4,66,Hub66,4-66
4,Region4,67,Hub67,4-67
4,Region4,68,Hub68,4-68
4,Region4,69,Hub69,4-69
4,Region4,70,Hub70,4-70
4,Region4,71,Hub71,4-71
4,Region4,72,Hub72,4-72
4,Region4,73,Hub73,4-73
4,Region4,74,Hub74,4-74
4,Region4,75,Hub75,4-75
4,Region4,76,Hub76,4-76
4,Region4,77,Hub77,4-77
4,Region4,78,Hub78,4-78
4,Region4,79,Hub79,4-79
4,Region4,80,Hub80,4-80
4,Region4,81,Hub81,4-81
4,Region4,82,Hub82,4-82
4,Region4,83,Hub83,4-83
4,Region4,84,Hub84,4-84
4,Region4,85,Hub85,4-85
4,Region4,86,Hub86,4-86
4,Region4,87,Hub87,4-87
4,Region4,88,Hub88,4-88
4,Region4,89,Hub89,4-89
4,Region4,90,Hub90,4-90
4,Region4,91,Hub91,4-91
4,Region4,92,Hub92,4-92
4,Region4,93,Hub93,4-93
4,Region4,94,Hub94,4-94
4,Region4,95,Hub95,4-95
4,Region4,96,Hub96,4-96
4,Region4,97,Hub97,4-97
4,Region4,98,Hub98,4-98
4,Region4,99,Hub99,4-99
4,Region4,100,Hub100,4-100
5,Region5,1,Hub1,5-1
5,Region5,2,Hub2,5-2
5,Region5,3,Hub3,5-3
5,Region5,4,Hub4,5-4
5,Region5,5,Hub5,5-5
5,Region5,6,Hub6,5-6
5,Region5,7,Hub7,5-7
5,Region5,8,Hub8,5-8
5,Region5,9,Hub9,5-9
5,Region5,10,Hub10,5-10
5,Region5,11,Hub11,5-11
5,Region5,12,Hub12,5-12
5,Region5,13,Hub13,5-13
5,Region5,14,Hub14,5-14
5,Region5,15,Hub15,5-15
5,Region5,16,Hub16,5-16
5,Region5,17,Hub17,5-17
5,Region5,18,Hub18,5-18
5,Region5,19,Hub19,5-19
5,Region5,20,Hub20,5-20
5,Region5,21,Hub21,5-21
5,Region5,22,Hub22,5-22
5,Region5,23,Hub23,5-23
5,Region5,24,Hub24,5-24
5,Region5,25,Hub25,5-25
5,Region5,26,Hub26,5-26
5,Region5,27,Hub27,5-27
5,Region5,28,Hub28,5-28
5,Region5,29,Hub29,5-29
5,Region5,30,Hub30,5-30
5,Region5,31,Hub31,5-31
5,Region5,32,Hub32,5-32
5,Region5,33,Hub33,5-33
5,Region5,34,Hub34,5-34
5,Region5,35,Hub35,5-35
5,Region5,36,Hub36,5-36
5,Region5,37,Hub37,5-37
5,Region5,38,Hub38,5-38
5,Region5,39,Hub39,5-39
5,Region5,40,Hub40,5-40
5,Region5,41,Hub41,5-41
5,Region5,42,Hub42,5-42
5,Region5,43,Hub43,5-43
5,Region5,44,Hub44,5-44
5,Region5,45,Hub45,5-45
5,Region5,46,Hub46,5-46
5,Region5,47,Hub47,5-47
5,Region5,48,Hub48,5-48
5,Region5,49,Hub49,5-49
5,Region5,50,Hub50,5-50
5,Region5,51,Hub51,5-51
5,Region5,52,Hub52,5-52
5,Region5,53,Hub53,5-53
5,Region5,54,Hub54,5-54
5,Region5,55,Hub55,5-55
5,Region5,56,Hub56,5-56
5,Region5,57,Hub57,5-57
5,Region5,58,Hub58,5-58
5,Region5,59,Hub59,5-59
5,Region5,60,Hub60,5-60
5,Region5,61,Hub61,5-61
5,Region5,62,Hub62,5-62
5,Region5,63,Hub63,5-63
5,Region5,64,Hub64,5-64
5,Region5,65,Hub65,5-65
5,Region5,66,Hub66,5-66
5,Region5,67,Hub67,5-67
5,Region5,68,Hub68,5-68
5,Region5,69,Hub69,5-69
5,Region5,70,Hub70,5-70
5,Region5,71,Hub71,5-71
5,Region5,72,Hub72,5-72
5,Region5,73,Hub73,5-73
5,Region5,74,Hub74,5-74
5,Region5,75,Hub75,5-75
5,Region5,76,Hub76,5-76
5,Region5,77,Hub77,5-77
5,Region5,78,Hub78,5-78
5,Region5,79,Hub79,5-79
5,Region5,80,Hub80,5-80
5,Region5,81,Hub81,5-81
5,Region5,82,Hub82,5-82
5,Region5,83,Hub83,5-83
5,Region5,84,Hub84,5-84
5,Region5,85,Hub85,5-85
5,Region5,86,Hub86,5-86
5,Region5,87,Hub87,5-87
5,Region5,88,Hub88,5-88
5,Region5,89,Hub89,5-89
5,Region5,90,Hub90,5-90
5,Region5,91,Hub91,5-91
5,Region5,92,Hub92,5-92
5,Region5,93,Hub93,5-93
5,Region5,94,Hub94,5-94
5,Region5,95,Hub95,5-95
5,Region5,96,Hub96,5-96
5,Region5,97,Hub97,5-97
5,Region5,98,Hub98,5-98
5,Region5,99,Hub99,5-99
5,Region5,100,Hub100,5-100
6,Region6,1,Hub1,6-1
6,Region6,2,Hub2,6-2
6,Region6,3,Hub3,6-3
6,Region6,4,Hub4,6-4
6,Region6,5,Hub5,6-5
6,Region6,6,Hub6,6-6
6,Region6,7,Hub7,6-7
6,Region6,8,Hub8,6-8
6,Region6,9,Hub9,6-9
6,Region6,10,Hub10,6-10
6,Region6,11,Hub11,6-11
6,Region6,12,Hub12,6-12
6,Region6,13,Hub13,6-13
6,Region6,14,Hub14,6-14
6,Region6,15,Hub15,6-15
6,Region6,16,Hub16,6-16
6,Region6,17,Hub17,6-17
6,Region6,18,Hub18,6-18
6,Region6,19,Hub19,6-19
6,Region6,20,Hub20,6-20
6,Region6,21,Hub21,6-21
6,Region6,22,Hub22,6-22
6,Region6,23,Hub23,6-23
6,Region6,24,Hub24,6-24
6,Region6,25,Hub25,6-25
6,Region6,26,Hub26,6-26
6,Region6,27,Hub27,6-27
6,Region6,28,Hub28,6-28
6,Region6,29,Hub29,6-29
6,Region6,30,Hub30,6-30
6,Region6,31,Hub31,6-31
6,Region6,32,Hub32,6-32
6,Region6,33,Hub33,6-33
6,Region6,34,Hub34,6-34
6,Region6,35,Hub35,6-35
6,Region6,36,Hub36,6-36
6,Region6,37,Hub37,6-37
6,Region6,38,Hub38,6-38
6,Region6,39,Hub39,6-39
6,Region6,40,Hub40,6-40
6,Region6,41,Hub41,6-41
6,Region6,42,Hub42,6-42
6,Region6,43,Hub43,6-43
6,Region6,44,Hub44,6-44
6,Region6,45,Hub45,6-45
6,Region6,46,Hub46,6-46
6,Region6,47,Hub47,6-47
6,Region6,48,Hub48,6-48
6,Region6,49,Hub49,6-49
6,Region6,50,Hub50,6-50
6,Region6,51,Hub51,6-51
6,Region6,52,Hub52,6-52
6,Region6,53,Hub53,6-53
6,Region6,54,Hub54,6-54
6,Region6,55,Hub55,6-55
6,Region6,56,Hub56,6-56
6,Region6,57,Hub57,6-57
6,Region6,58,Hub58,6-58
6,Region6,59,Hub59,6-59
6,Region6,60,Hub60,6-60
6,Region6,61,Hub61,6-61
6,Region6,62,Hub62,6-62
6,Region6,63,Hub63,6-63
6,Region6,64,Hub64,6-64
6,Region6,65,Hub65,6-65
6,Region6,66,Hub66,6-66
6,Region6,67,Hub67,6-67
6,Region6,68,Hub68,6-68
6,Region6,69,Hub69,6-69
6,Region6,70,Hub70,6-70
6,Region6,71,Hub71,6-71
6,Region6,72,Hub72,6-72
6,Region6,73,Hub73,6-73
6,Region6,74,Hub74,6-74
6,Region6,75,Hub75,6-75
6,Region6,76,Hub76,6-76
6,Region6,77,Hub77,6-77
6,Region6,78,Hub78,6-78
6,Region6,79,Hub79,6-79
6,Region6,80,Hub80,6-80
6,Region6,81,Hub81,6-81
6,Region6,82,Hub82,6-82
6,Region6,83,Hub83,6-83
6,Region6,84,Hub84,6-84
6,Region6,85,Hub85,6-85
6,Region6,86,Hub86,6-86
6,Region6,87,Hub87,6-87
6,Region6,88,Hub88,6-88
6,Region6,89,Hub89,6-89
6,Region6,90,Hub90,6-90
6,Region6,91,Hub91,6-91
6,Region6,92,Hub92,6-92
6,Region6,93,Hub93,6-93
6,Region6,94,Hub94,6-94
6,Region6,95,Hub95,6-95
6,Region6,96,Hub96,6-96
6,Region6,97,Hub97,6-97
6,Region6,98,Hub98,6-98
6,Region6,99,Hub99,6-99
6,Region6,100,Hub100,6-100
7,Region7,1,Hub1,7-1
7,Region7,2,Hub2,7-2
7,Region7,3,Hub3,7-3
7,Region7,4,Hub4,7-4
7,Region7,5,Hub5,7-5
7,Region7,6,Hub6,7-6
7,Region7,7,Hub7,7-7
7,Region7,8,Hub8,7-8
7,Region7,9,Hub9,7-9
7,Region7,10,Hub10,7-10
7,Region7,11,Hub11,7-11
7,Region7,12,Hub12,7-12
7,Region7,13,Hub13,7-13
7,Region7,14,Hub14,7-14
7,Region7,15,Hub15,7-15
7,Region7,16,Hub16,7-16
7,Region7,17,Hub17,7-17
7,Region7,18,Hub18,7-18
7,Region7,19,Hub19,7-19
7,Region7,20,Hub20,7-20
7,Region7,21,Hub21,7-21
7,Region7,22,Hub22,7-22
7,Region7,23,Hub23,7-23
7,Region7,24,Hub24,7-24
7,Region7,25,Hub25,7-25
7,Region7,26,Hub26,7-26
7,Region7,27,Hub27,7-27
7,Region7,28,Hub28,7-28
7,Region7,29,Hub29,7-29
7,Region7,30,Hub30,7-30
7,Region7,31,Hub31,7-31
7,Region7,32,Hub32,7-32
7,Region7,33,Hub33,7-33
7,Region7,34,Hub34,7-34
7,Region7,35,Hub35,7-35
7,Region7,36,Hub36,7-36
7,Region7,37,Hub37,7-37
7,Region7,38,Hub38,7-38
7,Region7,39,Hub39,7-39
7,Region7,40,Hub40,7-40
7,Region7,41,Hub41,7-41
7,Region7,42,Hub42,7-42
7,Region7,43,Hub43,7-43
7,Region7,44,Hub44,7-44
7,Region7,45,Hub45,7-45
7,Region7,46,Hub46,7-46
7,Region7,47,Hub47,7-47
7,Region7,48,Hub48,7-48
7,Region7,49,Hub49,7-49
7,Region7,50,Hub50,7-50
7,Region7,51,Hub51,7-51
7,Region7,52,Hub52,7-52
7,Region7,53,Hub53,7-53
7,Region7,54,Hub54,7-54
7,Region7,55,Hub55,7-55
7,Region7,56,Hub56,7-56
7,Region7,57,Hub57,7-57
7,Region7,58,Hub58,7-58
7,Region7,59,Hub59,7-59
7,Region7,60,Hub60,7-60
7,Region7,61,Hub61,7-61
7,Region7,62,Hub62,7-62
7,Region7,63,Hub63,7-63
7,Region7,64,Hub64,7-64
7,Region7,65,Hub65,7-65
7,Region7,66,Hub66,7-66
7,Region7,67,Hub67,7-67
7,Region7,68,Hub68,7-68
7,Region7,69,Hub69,7-69
7,Region7,70,Hub70,7-70
7,Region7,71,Hub71,7-71
7,Region7,72,Hub72,7-72
7,Region7,73,Hub73,7-73
7,Region7,74,Hub74,7-74
7,Region7,75,Hub75,7-75
7,Region7,76,Hub76,7-76
7,Region7,77,Hub77,7-77
7,Region7,78,Hub78,7-78
7,Region7,79,Hub79,7-79
7,Region7,80,Hub80,7-80
7,Region7,81,Hub81,7-81
7,Region7,82,Hub82,7-82
7,Region7,83,Hub83,7-83
7,Region7,84,Hub84,7-84
7,Region7,85,Hub85,7-85
7,Region7,86,Hub86,7-86
7,Region7,87,Hub87,7-87
7,Region7,88,Hub88,7-88
7,Region7,89,Hub89,7-89
7,Region7,90,Hub90,7-90
7,Region7,91,Hub91,7-91
7,Region7,92,Hub92,7-92
7,Region7,93,Hub93,7-93
7,Region7,94,Hub94,7-94
7,Region7,95,Hub95,7-95
7,Region7,96,Hub96,7-96
7,Region7,97,Hub97,7-97
7,Region7,98,Hub98,7-98
7,Region7,99,Hub99,7-99
7,Region7,100,Hub100,7-100
8,Region8,1,Hub1,8-1
8,Region8,2,Hub2,8-2
8,Region8,3,Hub3,8-3
8,Region8,4,Hub4,8-4
8,Region8,5,Hub5,8-5
8,Region8,6,Hub6,8-6
8,Region8,7,Hub7,8-7
8,Region8,8,Hub8,8-8
8,Region8,9,Hub9,8-9
8,Region8,10,Hub10,8-10
8,Region8,11,Hub11,8-11
8,Region8,12,Hub12,8-12
8,Region8,13,Hub13,8-13
8,Region8,14,Hub14,8-14
8,Region8,15,Hub15,8-15
8,Region8,16,Hub16,8-16
8,Region8,17,Hub17,8-17
8,Region8,18,Hub18,8-18
8,Region8,19,Hub19,8-19
8,Region8,20,Hub20,8-20
8,Region8,21,Hub21,8-21
8,Region8,22,Hub22,8-22
8,Region8,23,Hub23,8-23
8,Region8,24,Hub24,8-24
8,Region8,25,Hub25,8-25
8,Region8,26,Hub26,8-26
8,Region8,27,Hub27,8-27
8,Region8,28,Hub28,8-28
8,Region8,29,Hub29,8-29
8,Region8,30,Hub30,8-30
8,Region8,31,Hub31,8-31
8,Region8,32,Hub32,8-32
8,Region8,33,Hub33,8-33
8,Region8,34,Hub34,8-34
8,Region8,35,Hub35,8-35
8,Region8,36,Hub36,8-36
8,Region8,37,Hub37,8-37
8,Region8,38,Hub38,8-38
8,Region8,39,Hub39,8-39
8,Region8,40,Hub40,8-40
8,Region8,41,Hub41,8-41
8,Region8,42,Hub42,8-42
8,Region8,43,Hub43,8-43
8,Region8,44,Hub44,8-44
8,Region8,45,Hub45,8-45
8,Region8,46,Hub46,8-46
8,Region8,47,Hub47,8-47
8,Region8,48,Hub48,8-48
8,Region8,49,Hub49,8-49
8,Region8,50,Hub50,8-50
8,Region8,51,Hub51,8-51
8,Region8,52,Hub52,8-52
8,Region8,53,Hub53,8-53
8,Region8,54,Hub54,8-54
8,Region8,55,Hub55,8-55
8,Region8,56,Hub56,8-56
8,Region8,57,Hub57,8-57
8,Region8,58,Hub58,8-58
8,Region8,59,Hub59,8-59
8,Region8,60,Hub60,8-60
8,Region8,61,Hub61,8-61
8,Region8,62,Hub62,8-62
8,Region8,63,Hub63,8-63
8,Region8,64,Hub64,8-64
8,Region8,65,Hub65,8-65
8,Region8,66,Hub66,8-66
8,Region8,67,Hub67,8-67
8,Region8,68,Hub68,8-68
8,Region8,69,Hub69,8-69
8,Region8,70,Hub70,8-70
8,Region8,71,Hub71,8-71
8,Region8,72,Hub72,8-72
8,Region8,73,Hub73,8-73
8,Region8,74,Hub74,8-74
8,Region8,75,Hub75,8-75
8,Region8,76,Hub76,8-76
8,Region8,77,Hub77,8-77
8,Region8,78,Hub78,8-78
8,Region8,79,Hub79,8-79
8,Region8,80,Hub80,8-80
8,Region8,81,Hub81,8-81
8,Region8,82,Hub82,8-82
8,Region8,83,Hub83,8-83
8,Region8,84,Hub84,8-84
8,Region8,85,Hub85,8-85
8,Region8,86,Hub86,8-86
8,Region8,87,Hub87,8-87
8,Region8,88,Hub88,8-88
8,Region8,89,Hub89,8-89
8,Region8,90,Hub90,8-90
8,Region8,91,Hub91,8-91
8,Region8,92,Hub92,8-92
8,Region8,93,Hub93,8-93
8,Region8,94,Hub94,8-94
8,Region8,95,Hub95,8-95
8,Region8,96,Hub96,8-96
8,Region8,97,Hub97,8-97
8,Region8,98,Hub98,8-98
8,Region8,99,Hub99,8-99
8,Region8,100,Hub100,8-100
9,Region9,1,Hub1,9-1
9,Region9,2,Hub2,9-2
9,Region9,3,Hub3,9-3
9,Region9,4,Hub4,9-4
9,Region9,5,Hub5,9-5
9,Region9,6,Hub6,9-6
9,Region9,7,Hub7,9-7
9,Region9,8,Hub8,9-8
9,Region9,9,Hub9,9-9
9,Region9,10,Hub10,9-10
9,Region9,11,Hub11,9-11
9,Region9,12,Hub12,9-12
9,Region9,13,Hub13,9-13
9,Region9,14,Hub14,9-14
9,Region9,15,Hub15,9-15
9,Region9,16,Hub16,9-16
9,Region9,17,Hub17,9-17
9,Region9,18,Hub18,9-18
9,Region9,19,Hub19,9-19
9,Region9,20,Hub20,9-20
9,Region9,21,Hub21,9-21
9,Region9,22,Hub22,9-22
9,Region9,23,Hub23,9-23
9,Region9,24,Hub24,9-24
9,Region9,25,Hub25,9-25
9,Region9,26,Hub26,9-26
9,Region9,27,Hub27,9-27
9,Region9,28,Hub28,9-28
9,Region9,29,Hub29,9-29
9,Region9,30,Hub30,9-30
9,Region9,31,Hub31,9-31
9,Region9,32,Hub32,9-32
9,Region9,33,Hub33,9-33
9,Region9,34,Hub34,9-34
9,Region9,35,Hub35,9-35
9,Region9,36,Hub36,9-36
9,Region9,37,Hub37,9-37
9,Region9,38,Hub38,9-38
9,Region9,39,Hub39,9-39
9,Region9,40,Hub40,9-40
9,Region9,41,Hub41,9-41
9,Region9,42,Hub42,9-42
9,Region9,43,Hub43,9-43
9,Region9,44,Hub44,9-44
9,Region9,45,Hub45,9-45
9,Region9,46,Hub46,9-46
9,Region9,47,Hub47,9-47
9,Region9,48,Hub48,9-48
9,Region9,49,Hub49,9-49
9,Region9,50,Hub50,9-50
9,Region9,51,Hub51,9-51
9,Region9,52,Hub52,9-52
9,Region9,53,Hub53,9-53
9,Region9,54,Hub54,9-54
9,Region9,55,Hub55,9-55
9,Region9,56,Hub56,9-56
9,Region9,57,Hub57,9-57
9,Region9,58,Hub58,9-58
9,Region9,59,Hub59,9-59
9,Region9,60,Hub60,9-60
9,Region9,61,Hub61,9-61
9,Region9,62,Hub62,9-62
9,Region9,63,Hub63,9-63
9,Region9,64,Hub64,9-64
9,Region9,65,Hub65,9-65
9,Region9,66,Hub66,9-66
9,Region9,67,Hub67,9-67
9,Region9,68,Hub68,9-68
9,Region9,69,Hub69,9-69
9,Region9,70,Hub70,9-70
9,Region9,71,Hub71,9-71
9,Region9,72,Hub72,9-72
9,Region9,73,Hub73,9-73
9,Region9,74,Hub74,9-74
9,Region9,75,Hub75,9-75
9,Region9,76,Hub76,9-76
9,Region9,77,Hub77,9-77
9,Region9,78,Hub78,9-78
9,Region9,79,Hub79,9-79
9,Region9,80,Hub80,9-80
9,Region9,81,Hub81,9-81
9,Region9,82,Hub82,9-82
9,Region9,83,Hub83,9-83
9,Region9,84,Hub84,9-84
9,Region9,85,Hub85,9-85
9,Region9,86,Hub86,9-86
9,Region9,87,Hub87,9-87
9,Region9,88,Hub88,9-88
9,Region9,89,Hub89,9-89
9,Region9,90,Hub90,9-90
9,Region9,91,Hub91,9-91
9,Region9,92,Hub92,9-92
9,Region9,93,Hub93,9-93
9,Region9,94,Hub94,9-94
9,Region9,95,Hub95,9-95
9,Region9,96,Hub96,9-96
9,Region9,97,Hub97,9-97
9,Region9,98,Hub98,9-98
9,Region9,99,Hub99,9-99
9,Region9,100,Hub100,9-100
10,Region10,1,Hub1,10-1
10,Region10,2,Hub2,10-2
10,Region10,3,Hub3,10-3
10,Region10,4,Hub4,10-4
10,Region10,5,Hub5,10-5
10,Region10,6,Hub6,10-6
10,Region10,7,Hub7,10-7
10,Region10,8,Hub8,10-8
10,Region10,9,Hub9,10-9
10,Region10,10,Hub10,10-10
10,Region10,11,Hub11,10-11
10,Region10,12,Hub12,10-12
10,Region10,13,Hub13,10-13
10,Region10,14,Hub14,10-14
10,Region10,15,Hub15,10-15
10,Region10,16,Hub16,10-16
10,Region10,17,Hub17,10-17
10,Region10,18,Hub18,10-18
10,Region10,19,Hub19,10-19
10,Region10,20,Hub20,10-20
10,Region10,21,Hub21,10-21
10,Region10,22,Hub22,10-22
10,Region10,23,Hub23,10-23
10,Region10,24,Hub24,10-24
10,Region10,25,Hub25,10-25
10,Region10,26,Hub26,10-26
10,Region10,27,Hub27,10-27
10,Region10,28,Hub28,10-28
10,Region10,29,Hub29,10-29
10,Region10,30,Hub30,10-30
10,Region10,31,Hub31,10-31
10,Region10,32,Hub32,10-32
10,Region10,33,Hub33,10-33
10,Region10,34,Hub34,10-34
10,Region10,35,Hub35,10-35
10,Region10,36,Hub36,10-36
10,Region10,37,Hub37,10-37
10,Region10,38,Hub38,10-38
10,Region10,39,Hub39,10-39
10,Region10,40,Hub40,10-40
10,Region10,41,Hub41,10-41
10,Region10,42,Hub42,10-42
10,Region10,43,Hub43,10-43
10,Region10,44,Hub44,10-44
10,Region10,45,Hub45,10-45
10,Region10,46,Hub46,10-46
10,Region10,47,Hub47,10-47
10,Region10,48,Hub48,10-48
10,Region10,49,Hub49,10-49
10,Region10,50,Hub50,10-50
10,Region10,51,Hub51,10-51
10,Region10,52,Hub52,10-52
10,Region10,53,Hub53,10-53
10,Region10,54,Hub54,10-54
10,Region10,55,Hub55,10-55
10,Region10,56,Hub56,10-56
10,Region10,57,Hub57,10-57
10,Region10,58,Hub58,10-58
10,Region10,59,Hub59,10-59
10,Region10,60,Hub60,10-60
10,Region10,61,Hub61,10-61
10,Region10,62,Hub62,10-62
10,Region10,63,Hub63,10-63
10,Region10,64,Hub64,10-64
10,Region10,65,Hub65,10-65
10,Region10,66,Hub66,10-66
10,Region10,67,Hub67,10-67
10,Region10,68,Hub68,10-68
10,Region10,69,Hub69,10-69
10,Region10,70,Hub70,10-70
10,Region10,71,Hub71,10-71
10,Region10,72,Hub72,10-72
10,Region10,73,Hub73,10-73
10,Region10,74,Hub74,10-74
10,Region10,75,Hub75,10-75
10,Region10,76,Hub76,10-76
10,Region10,77,Hub77,10-77
10,Region10,78,Hub78,10-78
10,Region10,79,Hub79,10-79
10,Region10,80,Hub80,10-80
10,Region10,81,Hub81,10-81
10,Region10,82,Hub82,10-82
10,Region10,83,Hub83,10-83
10,Region10,84,Hub84,10-84
10,Region10,85,Hub85,10-85
10,Region10,86,Hub86,10-86
10,Region10,87,Hub87,10-87
10,Region10,88,Hub88,10-88
10,Region10,89,Hub89,10-89
10,Region10,90,Hub90,10-90
10,Region10,91,Hub91,10-91
10,Region10,92,Hub92,10-92
10,Region10,93,Hub93,10-93
10,Region10,94,Hub94,10-94
10,Region10,95,Hub95,10-95
10,Region10,96,Hub96,10-96
10,Region10,97,Hub97,10-97
10,Region10,98,Hub98,10-98
10,Region10,99,Hub99,10-99
10,Region10,100,Hub100,10-100
11,Region11,1,Hub1,11-1
11,Region11,2,Hub2,11-2
11,Region11,3,Hub3,11-3
11,Region11,4,Hub4,11-4
11,Region11,5,Hub5,11-5
11,Region11,6,Hub6,11-6
11,Region11,7,Hub7,11-7
11,Region11,8,Hub8,11-8
11,Region11,9,Hub9,11-9
11,Region11,10,Hub10,11-10
11,Region11,11,Hub11,11-11
11,Region11,12,Hub12,11-12
11,Region11,13,Hub13,11-13
11,Region11,14,Hub14,11-14
11,Region11,15,Hub15,11-15
11,Region11,16,Hub16,11-16
11,Region11,17,Hub17,11-17
11,Region11,18,Hub18,11-18
11,Region11,19,Hub19,11-19
11,Region11,20,Hub20,11-20
11,Region11,21,Hub21,11-21
11,Region11,22,Hub22,11-22
11,Region11,23,Hub23,11-23
11,Region11,24,Hub24,11-24
11,Region11,25,Hub25,11-25
11,Region11,26,Hub26,11-26
11,Region11,27,Hub27,11-27
11,Region11,28,Hub28,11-28
11,Region11,29,Hub29,11-29
11,Region11,30,Hub30,11-30
11,Region11,31,Hub31,11-31
11,Region11,32,Hub32,11-32
11,Region11,33,Hub33,11-33
11,Region11,34,Hub34,11-34
11,Region11,35,Hub35,11-35
11,Region11,36,Hub36,11-36
11,Region11,37,Hub37,11-37
11,Region11,38,Hub38,11-38
11,Region11,39,Hub39,11-39
11,Region11,40,Hub40,11-40
11,Region11,41,Hub41,11-41
11,Region11,42,Hub42,11-42
11,Region11,43,Hub43,11-43
11,Region11,44,Hub44,11-44
11,Region11,45,Hub45,11-45
11,Region11,46,Hub46,11-46
11,Region11,47,Hub47,11-47
11,Region11,48,Hub48,11-48
11,Region11,49,Hub49,11-49
11,Region11,50,Hub50,11-50
11,Region11,51,Hub51,11-51
11,Region11,52,Hub52,11-52
11,Region11,53,Hub53,11-53
11,Region11,54,Hub54,11-54
11,Region11,55,Hub55,11-55
11,Region11,56,Hub56,11-56
11,Region11,57,Hub57,11-57
11,Region11,58,Hub58,11-58
11,Region11,59,Hub59,11-59
11,Region11,60,Hub60,11-60
11,Region11,61,Hub61,11-61
11,Region11,62,Hub62,11-62
11,Region11,63,Hub63,11-63
11,Region11,64,Hub64,11-64
11,Region11,65,Hub65,11-65
11,Region11,66,Hub66,11-66
11,Region11,67,Hub67,11-67
11,Region11,68,Hub68,11-68
11,Region11,69,Hub69,11-69
11,Region11,70,Hub70,11-70
11,Region11,71,Hub71,11-71
11,Region11,72,Hub72,11-72
11,Region11,73,Hub73,11-73
11,Region11,74,Hub74,11-74
11,Region11,75,Hub75,11-75
11,Region11,76,Hub76,11-76
11,Region11,77,Hub77,11-77
11,Region11,78,Hub78,11-78
11,Region11,79,Hub79,11-79
11,Region11,80,Hub80,11-80
11,Region11,81,Hub81,11-81
11,Region11,82,Hub82,11-82
11,Region11,83,Hub83,11-83
11,Region11,84,Hub84,11-84
11,Region11,85,Hub85,11-85
11,Region11,86,Hub86,11-86
11,Region11,87,Hub87,11-87
11,Region11,88,Hub88,11-88
11,Region11,89,Hub89,11-89
11,Region11,90,Hub90,11-90
11,Region11,91,Hub91,11-91
11,Region11,92,Hub92,11-92
11,Region11,93,Hub93,11-93
11,Region11,94,Hub94,11-94
11,Region11,95,Hub95,11-95
11,Region11,96,Hub96,11-96
11,Region11,97,Hub97,11-97
11,Region11,98,Hub98,11-98
11,Region11,99,Hub99,11-99
11,Region11,100,Hub100,11-100
12,Region12,1,Hub1,12-1
12,Region12,2,Hub2,12-2
12,Region12,3,Hub3,12-3
12,Region12,4,Hub4,12-4
12,Region12,5,Hub5,12-5
12,Region12,6,Hub6,12-6
12,Region12,7,Hub7,12-7
12,Region12,8,Hub8,12-8
12,Region12,9,Hub9,12-9
12,Region12,10,Hub10,12-10
12,Region12,11,Hub11,12-11
12,Region12,12,Hub12,12-12
12,Region12,13,Hub13,12-13
12,Region12,14,Hub14,12-14
12,Region12,15,Hub15,12-15
12,Region12,16,Hub16,12-16
12,Region12,17,Hub17,12-17
12,Region12,18,Hub18,12-18
12,Region12,19,Hub19,12-19
12,Region12,20,Hub20,12-20
12,Region12,21,Hub21,12-21
12,Region12,22,Hub22,12-22
12,Region12,23,Hub23,12-23
12,Region12,24,Hub24,12-24
12,Region12,25,Hub25,12-25
12,Region12,26,Hub26,12-26
12,Region12,27,Hub27,12-27
12,Region12,28,Hub28,12-28
12,Region12,29,Hub29,12-29
12,Region12,30,Hub30,12-30
12,Region12,31,Hub31,12-31
12,Region12,32,Hub32,12-32
12,Region12,33,Hub33,12-33
12,Region12,34,Hub34,12-34
12,Region12,35,Hub35,12-35
12,Region12,36,Hub36,12-36
12,Region12,37,Hub37,12-37
12,Region12,38,Hub38,12-38
12,Region12,39,Hub39,12-39
12,Region12,40,Hub40,12-40
12,Region12,41,Hub41,12-41
12,Region12,42,Hub42,12-42
12,Region12,43,Hub43,12-43
12,Region12,44,Hub44,12-44
12,Region12,45,Hub45,12-45
12,Region12,46,Hub46,12-46
12,Region12,47,Hub47,12-47
12,Region12,48,Hub48,12-48
12,Region12,49,Hub49,12-49
12,Region12,50,Hub50,12-50
12,Region12,51,Hub51,12-51
12,Region12,52,Hub52,12-52
12,Region12,53,Hub53,12-53
12,Region12,54,Hub54,12-54
12,Region12,55,Hub55,12-55
12,Region12,56,Hub56,12-56
12,Region12,57,Hub57,12-57
12,Region12,58,Hub58,12-58
12,Region12,59,Hub59,12-59
12,Region12,60,Hub60,12-60
12,Region12,61,Hub61,12-61
12,Region12,62,Hub62,12-62
12,Region12,63,Hub63,12-63
12,Region12,64,Hub64,12-64
12,Region12,65,Hub65,12-65
12,Region12,66,Hub66,12-66
12,Region12,67,Hub67,12-67
12,Region12,68,Hub68,12-68
12,Region12,69,Hub69,12-69
12,Region12,70,Hub70,12-70
12,Region12,71,Hub71,12-71
12,Region12,72,Hub72,12-72
12,Region12,73,Hub73,12-73
12,Region12,74,Hub74,12-74
12,Region12,75,Hub75,12-75
12,Region12,76,Hub76,12-76
12,Region12,77,Hub77,12-77
12,Region12,78,Hub78,12-78
12,Region12,79,Hub79,12-79
12,Region12,80,Hub80,12-80
12,Region12,81,Hub81,12-81
12,Region12,82,Hub82,12-82
12,Region12,83,Hub83,12-83
12,Region12,84,Hub84,12-84
12,Region12,85,Hub85,12-85
12,Region12,86,Hub86,12-86
12,Region12,87,Hub87,12-87
12,Region12,88,Hub88,12-88
12,Region12,89,Hub89,12-89
12,Region12,90,Hub90,12-90
12,Region12,91,Hub91,12-91
12,Region12,92,Hub92,12-92
12,Region12,93,Hub93,12-93
12,Region12,94,Hub94,12-94
12,Region12,95,Hub95,12-95
12,Region12,96,Hub96,12-96
12,Region12,97,Hub97,12-97
12,Region12,98,Hub98,12-98
12,Region12,99,Hub99,12-99
12,Region12,100,Hub100,12-100
13,Region13,1,Hub1,13-1
13,Region13,2,Hub2,13-2
13,Region13,3,Hub3,13-3
13,Region13,4,Hub4,13-4
13,Region13,5,Hub5,13-5
13,Region13,6,Hub6,13-6
13,Region13,7,Hub7,13-7
13,Region13,8,Hub8,13-8
13,Region13,9,Hub9,13-9
13,Region13,10,Hub10,13-10
13,Region13,11,Hub11,13-11
13,Region13,12,Hub12,13-12
13,Region13,13,Hub13,13-13
13,Region13,14,Hub14,13-14
13,Region13,15,Hub15,13-15
13,Region13,16,Hub16,13-16
13,Region13,17,Hub17,13-17
13,Region13,18,Hub18,13-18
13,Region13,19,Hub19,13-19
13,Region13,20,Hub20,13-20
13,Region13,21,Hub21,13-21
13,Region13,22,Hub22,13-22
13,Region13,23,Hub23,13-23
13,Region13,24,Hub24,13-24
13,Region13,25,Hub25,13-25
13,Region13,26,Hub26,13-26
13,Region13,27,Hub27,13-27
13,Region13,28,Hub28,13-28
13,Region13,29,Hub29,13-29
13,Region13,30,Hub30,13-30
13,Region13,31,Hub31,13-31
13,Region13,32,Hub32,13-32
13,Region13,33,Hub33,13-33
13,Region13,34,Hub34,13-34
13,Region13,35,Hub35,13-35
13,Region13,36,Hub36,13-36
13,Region13,37,Hub37,13-37
13,Region13,38,Hub38,13-38
13,Region13,39,Hub39,13-39
13,Region13,40,Hub40,13-40
13,Region13,41,Hub41,13-41
13,Region13,42,Hub42,13-42
13,Region13,43,Hub43,13-43
13,Region13,44,Hub44,13-44
13,Region13,45,Hub45,13-45
13,Region13,46,Hub46,13-46
13,Region13,47,Hub47,13-47
13,Region13,48,Hub48,13-48
13,Region13,49,Hub49,13-49
13,Region13,50,Hub50,13-50
13,Region13,51,Hub51,13-51
13,Region13,52,Hub52,13-52
13,Region13,53,Hub53,13-53
13,Region13,54,Hub54,13-54
13,Region13,55,Hub55,13-55
13,Region13,56,Hub56,13-56
13,Region13,57,Hub57,13-57
13,Region13,58,Hub58,13-58
13,Region13,59,Hub59,13-59
13,Region13,60,Hub60,13-60
13,Region13,61,Hub61,13-61
13,Region13,62,Hub62,13-62
13,Region13,63,Hub63,13-63
13,Region13,64,Hub64,13-64
13,Region13,65,Hub65,13-65
13,Region13,66,Hub66,13-66
13,Region13,67,Hub67,13-67
13,Region13,68,Hub68,13-68
13,Region13,69,Hub69,13-69
13,Region13,70,Hub70,13-70
13,Region13,71,Hub71,13-71
13,Region13,72,Hub72,13-72
13,Region13,73,Hub73,13-73
13,Region13,74,Hub74,13-74
13,Region13,75,Hub75,13-75
13,Region13,76,Hub76,13-76
13,Region13,77,Hub77,13-77
13,Region13,78,Hub78,13-78
13,Region13,79,Hub79,13-79
13,Region13,80,Hub80,13-80
13,Region13,81,Hub81,13-81
13,Region13,82,Hub82,13-82
13,Region13,83,Hub83,13-83
13,Region13,84,Hub84,13-84
13,Region13,85,Hub85,13-85
13,Region13,86,Hub86,13-86
13,Region13,87,Hub87,13-87
13,Region13,88,Hub88,13-88
13,Region13,89,Hub89,13-89
13,Region13,90,Hub90,13-90
13,Region13,91,Hub91,13-91
13,Region13,92,Hub92,13-92
13,Region13,93,Hub93,13-93
13,Region13,94,Hub94,13-94
13,Region13,95,Hub95,13-95
13,Region13,96,Hub96,13-96
13,Region13,97,Hub97,13-97
13,Region13,98,Hub98,13-98
13,Region13,99,Hub99,13-99
13,Region13,100,Hub100,13-100
14,Region14,1,Hub1,14-1
14,Region14,2,Hub2,14-2
14,Region14,3,Hub3,14-3
14,Region14,4,Hub4,14-4
14,Region14,5,Hub5,14-5
14,Region14,6,Hub6,14-6
14,Region14,7,Hub7,14-7
14,Region14,8,Hub8,14-8
14,Region14,9,Hub9,14-9
14,Region14,10,Hub10,14-10
14,Region14,11,Hub11,14-11
14,Region14,12,Hub12,14-12
14,Region14,13,Hub13,14-13
14,Region14,14,Hub14,14-14
14,Region14,15,Hub15,14-15
14,Region14,16,Hub16,14-16
14,Region14,17,Hub17,14-17
14,Region14,18,Hub18,14-18
14,Region14,19,Hub19,14-19
14,Region14,20,Hub20,14-20
14,Region14,21,Hub21,14-21
14,Region14,22,Hub22,14-22
14,Region14,23,Hub23,14-23
14,Region14,24,Hub24,14-24
14,Region14,25,Hub25,14-25
14,Region14,26,Hub26,14-26
14,Region14,27,Hub27,14-27
14,Region14,28,Hub28,14-28
14,Region14,29,Hub29,14-29
14,Region14,30,Hub30,14-30
14,Region14,31,Hub31,14-31
14,Region14,32,Hub32,14-32
14,Region14,33,Hub33,14-33
14,Region14,34,Hub34,14-34
14,Region14,35,Hub35,14-35
14,Region14,36,Hub36,14-36
14,Region14,37,Hub37,14-37
14,Region14,38,Hub38,14-38
14,Region14,39,Hub39,14-39
14,Region14,40,Hub40,14-40
14,Region14,41,Hub41,14-41
14,Region14,42,Hub42,14-42
14,Region14,43,Hub43,14-43
14,Region14,44,Hub44,14-44
14,Region14,45,Hub45,14-45
14,Region14,46,Hub46,14-46
14,Region14,47,Hub47,14-47
14,Region14,48,Hub48,14-48
14,Region14,49,Hub49,14-49
14,Region14,50,Hub50,14-50
14,Region14,51,Hub51,14-51
14,Region14,52,Hub52,14-52
14,Region14,53,Hub53,14-53
14,Region14,54,Hub54,14-54
14,Region14,55,Hub55,14-55
14,Region14,56,Hub56,14-56
14,Region14,57,Hub57,14-57
14,Region14,58,Hub58,14-58
14,Region14,59,Hub59,14-59
14,Region14,60,Hub60,14-60
14,Region14,61,Hub61,14-61
14,Region14,62,Hub62,14-62
14,Region14,63,Hub63,14-63
14,Region14,64,Hub64,14-64
14,Region14,65,Hub65,14-65
14,Region14,66,Hub66,14-66
14,Region14,67,Hub67,14-67
14,Region14,68,Hub68,14-68
14,Region14,69,Hub69,14-69
14,Region14,70,Hub70,14-70
14,Region14,71,Hub71,14-71
14,Region14,72,Hub72,14-72
14,Region14,73,Hub73,14-73
14,Region14,74,Hub74,14-74
14,Region14,75,Hub75,14-75
14,Region14,76,Hub76,14-76
14,Region14,77,Hub77,14-77
14,Region14,78,Hub78,14-78
14,Region14,79,Hub79,14-79
14,Region14,80,Hub80,14-80
14,Region14,81,Hub81,14-81
14,Region14,82,Hub82,14-82
14,Region14,83,Hub83,14-83
14,Region14,84,Hub84,14-84
14,Region14,85,Hub85,14-85
14,Region14,86,Hub86,14-86
14,Region14,87,Hub87,14-87
14,Region14,88,Hub88,14-88
14,Region14,89,Hub89,14-89
14,Region14,90,Hub90,14-90
14,Region14,91,Hub91,14-91
14,Region14,92,Hub92,14-92
14,Region14,93,Hub93,14-93
14,Region14,94,Hub94,14-94
14,Region14,95,Hub95,14-95
14,Region14,96,Hub96,14-96
14,Region14,97,Hub97,14-97
14,Region14,98,Hub98,14-98
14,Region14,99,Hub99,14-99
14,Region14,100,Hub100,14-100
15,Region15,1,Hub1,15-1
15,Region15,2,Hub2,15-2
15,Region15,3,Hub3,15-3
15,Region15,4,Hub4,15-4
15,Region15,5,Hub5,15-5
15,Region15,6,Hub6,15-6
15,Region15,7,Hub7,15-7
15,Region15,8,Hub8,15-8
15,Region15,9,Hub9,15-9
15,Region15,10,Hub10,15-10
15,Region15,11,Hub11,15-11
15,Region15,12,Hub12,15-12
15,Region15,13,Hub13,15-13
15,Region15,14,Hub14,15-14
15,Region15,15,Hub15,15-15
15,Region15,16,Hub16,15-16
15,Region15,17,Hub17,15-17
15,Region15,18,Hub18,15-18
15,Region15,19,Hub19,15-19
15,Region15,20,Hub20,15-20
15,Region15,21,Hub21,15-21
15,Region15,22,Hub22,15-22
15,Region15,23,Hub23,15-23
15,Region15,24,Hub24,15-24
15,Region15,25,Hub25,15-25
15,Region15,26,Hub26,15-26
15,Region15,27,Hub27,15-27
15,Region15,28,Hub28,15-28
15,Region15,29,Hub29,15-29
15,Region15,30,Hub30,15-30
15,Region15,31,Hub31,15-31
15,Region15,32,Hub32,15-32
15,Region15,33,Hub33,15-33
15,Region15,34,Hub34,15-34
15,Region15,35,Hub35,15-35
15,Region15,36,Hub36,15-36
15,Region15,37,Hub37,15-37
15,Region15,38,Hub38,15-38
15,Region15,39,Hub39,15-39
15,Region15,40,Hub40,15-40
15,Region15,41,Hub41,15-41
15,Region15,42,Hub42,15-42
15,Region15,43,Hub43,15-43
15,Region15,44,Hub44,15-44
15,Region15,45,Hub45,15-45
15,Region15,46,Hub46,15-46
15,Region15,47,Hub47,15-47
15,Region15,48,Hub48,15-48
15,Region15,49,Hub49,15-49
15,Region15,50,Hub50,15-50
15,Region15,51,Hub51,15-51
15,Region15,52,Hub52,15-52
15,Region15,53,Hub53,15-53
15,Region15,54,Hub54,15-54
15,Region15,55,Hub55,15-55
15,Region15,56,Hub56,15-56
15,Region15,57,Hub57,15-57
15,Region15,58,Hub58,15-58
15,Region15,59,Hub59,15-59
15,Region15,60,Hub60,15-60
15,Region15,61,Hub61,15-61
15,Region15,62,Hub62,15-62
15,Region15,63,Hub63,15-63
15,Region15,64,Hub64,15-64
15,Region15,65,Hub65,15-65
15,Region15,66,Hub66,15-66
15,Region15,67,Hub67,15-67
15,Region15,68,Hub68,15-68
15,Region15,69,Hub69,15-69
15,Region15,70,Hub70,15-70
15,Region15,71,Hub71,15-71
15,Region15,72,Hub72,15-72
15,Region15,73,Hub73,15-73
15,Region15,74,Hub74,15-74
15,Region15,75,Hub75,15-75
15,Region15,76,Hub76,15-76
15,Region15,77,Hub77,15-77
15,Region15,78,Hub78,15-78
15,Region15,79,Hub79,15-79
15,Region15,80,Hub80,15-80
15,Region15,81,Hub81,15-81
15,Region15,82,Hub82,15-82
15,Region15,83,Hub83,15-83
15,Region15,84,Hub84,15-84
15,Region15,85,Hub85,15-85
15,Region15,86,Hub86,15-86
15,Region15,87,Hub87,15-87
15,Region15,88,Hub88,15-88
15,Region15,89,Hub89,15-89
15,Region15,90,Hub90,15-90
15,Region15,91,Hub91,15-91
15,Region15,92,Hub92,15-92
15,Region15,93,Hub93,15-93
15,Region15,94,Hub94,15-94
15,Region15,95,Hub95,15-95
15,Region15,96,Hub96,15-96
15,Region15,97,Hub97,15-97
15,Region15,98,Hub98,15-98
15,Region15,99,Hub99,15-99
15,Region15,100,Hub100,15-100
16,Region16,1,Hub1,16-1
16,Region16,2,Hub2,16-2
16,Region16,3,Hub3,16-3
16,Region16,4,Hub4,16-4
16,Region16,5,Hub5,16-5
16,Region16,6,Hub6,16-6
16,Region16,7,Hub7,16-7
16,Region16,8,Hub8,16-8
16,Region16,9,Hub9,16-9
16,Region16,10,Hub10,16-10
16,Region16,11,Hub11,16-11
16,Region16,12,Hub12,16-12
16,Region16,13,Hub13,16-13
16,Region16,14,Hub14,16-14
16,Region16,15,Hub15,16-15
16,Region16,16,Hub16,16-16
16,Region16,17,Hub17,16-17
16,Region16,18,Hub18,16-18
16,Region16,19,Hub19,16-19
16,Region16,20,Hub20,16-20
16,Region16,21,Hub21,16-21
16,Region16,22,Hub22,16-22
16,Region16,23,Hub23,16-23
16,Region16,24,Hub24,16-24
16,Region16,25,Hub25,16-25
16,Region16,26,Hub26,16-26
16,Region16,27,Hub27,16-27
16,Region16,28,Hub28,16-28
16,Region16,29,Hub29,16-29
16,Region16,30,Hub30,16-30
16,Region16,31,Hub31,16-31
16,Region16,32,Hub32,16-32
16,Region16,33,Hub33,16-33
16,Region16,34,Hub34,16-34
16,Region16,35,Hub35,16-35
16,Region16,36,Hub36,16-36
16,Region16,37,Hub37,16-37
16,Region16,38,Hub38,16-38
16,Region16,39,Hub39,16-39
16,Region16,40,Hub40,16-40
16,Region16,41,Hub41,16-41
16,Region16,42,Hub42,16-42
16,Region16,43,Hub43,16-43
16,Region16,44,Hub44,16-44
16,Region16,45,Hub45,16-45
16,Region16,46,Hub46,16-46
16,Region16,47,Hub47,16-47
16,Region16,48,Hub48,16-48
16,Region16,49,Hub49,16-49
16,Region16,50,Hub50,16-50
16,Region16,51,Hub51,16-51
16,Region16,52,Hub52,16-52
16,Region16,53,Hub53,16-53
16,Region16,54,Hub54,16-54
16,Region16,55,Hub55,16-55
16,Region16,56,Hub56,16-56
16,Region16,57,Hub57,16-57
16,Region16,58,Hub58,16-58
16,Region16,59,Hub59,16-59
16,Region16,60,Hub60,16-60
16,Region16,61,Hub61,16-61
16,Region16,62,Hub62,16-62
16,Region16,63,Hub63,16-63
16,Region16,64,Hub64,16-64
16,Region16,65,Hub65,16-65
16,Region16,66,Hub66,16-66
16,Region16,67,Hub67,16-67
16,Region16,68,Hub68,16-68
16,Region16,69,Hub69,16-69
16,Region16,70,Hub70,16-70
16,Region16,71,Hub71,16-71
16,Region16,72,Hub72,16-72
16,Region16,73,Hub73,16-73
16,Region16,74,Hub74,16-74
16,Region16,75,Hub75,16-75
16,Region16,76,Hub76,16-76
16,Region16,77,Hub77,16-77
16,Region16,78,Hub78,16-78
16,Region16,79,Hub79,16-79
16,Region16,80,Hub80,16-80
16,Region16,81,Hub81,16-81
16,Region16,82,Hub82,16-82
16,Region16,83,Hub83,16-83
16,Region16,84,Hub84,16-84
16,Region16,85,Hub85,16-85
16,Region16,86,Hub86,16-86
16,Region16,87,Hub87,16-87
16,Region16,88,Hub88,16-88
16,Region16,89,Hub89,16-89
16,Region16,90,Hub90,16-90
16,Region16,91,Hub91,16-91
16,Region16,92,Hub92,16-92
16,Region16,93,Hub93,16-93
16,Region16,94,Hub94,16-94
16,Region16,95,Hub95,16-95
16,Region16,96,Hub96,16-96
16,Region16,97,Hub97,16-97
16,Region16,98,Hub98,16-98
16,Region16,99,Hub99,16-99
16,Region16,100,Hub100,16-100
17,Region17,1,Hub1,17-1
17,Region17,2,Hub2,17-2
17,Region17,3,Hub3,17-3
17,Region17,4,Hub4,17-4
17,Region17,5,Hub5,17-5
17,Region17,6,Hub6,17-6
17,Region17,7,Hub7,17-7
17,Region17,8,Hub8,17-8
17,Region17,9,Hub9,17-9
17,Region17,10,Hub10,17-10
17,Region17,11,Hub11,17-11
17,Region17,12,Hub12,17-12
17,Region17,13,Hub13,17-13
17,Region17,14,Hub14,17-14
17,Region17,15,Hub15,17-15
17,Region17,16,Hub16,17-16
17,Region17,17,Hub17,17-17
17,Region17,18,Hub18,17-18
17,Region17,19,Hub19,17-19
17,Region17,20,Hub20,17-20
17,Region17,21,Hub21,17-21
17,Region17,22,Hub22,17-22
17,Region17,23,Hub23,17-23
17,Region17,24,Hub24,17-24
17,Region17,25,Hub25,17-25
17,Region17,26,Hub26,17-26
17,Region17,27,Hub27,17-27
17,Region17,28,Hub28,17-28
17,Region17,29,Hub29,17-29
17,Region17,30,Hub30,17-30
17,Region17,31,Hub31,17-31
17,Region17,32,Hub32,17-32
17,Region17,33,Hub33,17-33
17,Region17,34,Hub34,17-34
17,Region17,35,Hub35,17-35
17,Region17,36,Hub36,17-36
17,Region17,37,Hub37,17-37
17,Region17,38,Hub38,17-38
17,Region17,39,Hub39,17-39
17,Region17,40,Hub40,17-40
17,Region17,41,Hub41,17-41
17,Region17,42,Hub42,17-42
17,Region17,43,Hub43,17-43
17,Region17,44,Hub44,17-44
17,Region17,45,Hub45,17-45
17,Region17,46,Hub46,17-46
17,Region17,47,Hub47,17-47
17,Region17,48,Hub48,17-48
17,Region17,49,Hub49,17-49
17,Region17,50,Hub50,17-50
17,Region17,51,Hub51,17-51
17,Region17,52,Hub52,17-52
17,Region17,53,Hub53,17-53
17,Region17,54,Hub54,17-54
17,Region17,55,Hub55,17-55
17,Region17,56,Hub56,17-56
17,Region17,57,Hub57,17-57
17,Region17,58,Hub58,17-58
17,Region17,59,Hub59,17-59
17,Region17,60,Hub60,17-60
17,Region17,61,Hub61,17-61
17,Region17,62,Hub62,17-62
17,Region17,63,Hub63,17-63
17,Region17,64,Hub64,17-64
17,Region17,65,Hub65,17-65
17,Region17,66,Hub66,17-66
17,Region17,67,Hub67,17-67
17,Region17,68,Hub68,17-68
17,Region17,69,Hub69,17-69
17,Region17,70,Hub70,17-70
17,Region17,71,Hub71,17-71
17,Region17,72,Hub72,17-72
17,Region17,73,Hub73,17-73
17,Region17,74,Hub74,17-74
17,Region17,75,Hub75,17-75
17,Region17,76,Hub76,17-76
17,Region17,77,Hub77,17-77
17,Region17,78,Hub78,17-78
17,Region17,79,Hub79,17-79
17,Region17,80,Hub80,17-80
17,Region17,81,Hub81,17-81
17,Region17,82,Hub82,17-82
17,Region17,83,Hub83,17-83
17,Region17,84,Hub84,17-84
17,Region17,85,Hub85,17-85
17,Region17,86,Hub86,17-86
17,Region17,87,Hub87,17-87
17,Region17,88,Hub88,17-88
17,Region17,89,Hub89,17-89
17,Region17,90,Hub90,17-90
17,Region17,91,Hub91,17-91
17,Region17,92,Hub92,17-92
17,Region17,93,Hub93,17-93
17,Region17,94,Hub94,17-94
17,Region17,95,Hub95,17-95
17,Region17,96,Hub96,17-96
17,Region17,97,Hub97,17-97
17,Region17,98,Hub98,17-98
17,Region17,99,Hub99,17-99
17,Region17,100,Hub100,17-100
18,Region18,1,Hub1,18-1
18,Region18,2,Hub2,18-2
18,Region18,3,Hub3,18-3
18,Region18,4,Hub4,18-4
18,Region18,5,Hub5,18-5
18,Region18,6,Hub6,18-6
18,Region18,7,Hub7,18-7
18,Region18,8,Hub8,18-8
18,Region18,9,Hub9,18-9
18,Region18,10,Hub10,18-10
18,Region18,11,Hub11,18-11
18,Region18,12,Hub12,18-12
18,Region18,13,Hub13,18-13
18,Region18,14,Hub14,18-14
18,Region18,15,Hub15,18-15
18,Region18,16,Hub16,18-16
18,Region18,17,Hub17,18-17
18,Region18,18,Hub18,18-18
18,Region18,19,Hub19,18-19
18,Region18,20,Hub20,18-20
18,Region18,21,Hub21,18-21
18,Region18,22,Hub22,18-22
18,Region18,23,Hub23,18-23
18,Region18,24,Hub24,18-24
18,Region18,25,Hub25,18-25
18,Region18,26,Hub26,18-26
18,Region18,27,Hub27,18-27
18,Region18,28,Hub28,18-28
18,Region18,29,Hub29,18-29
18,Region18,30,Hub30,18-30
18,Region18,31,Hub31,18-31
18,Region18,32,Hub32,18-32
18,Region18,33,Hub33,18-33
18,Region18,34,Hub34,18-34
18,Region18,35,Hub35,18-35
18,Region18,36,Hub36,18-36
18,Region18,37,Hub37,18-37
18,Region18,38,Hub38,18-38
18,Region18,39,Hub39,18-39
18,Region18,40,Hub40,18-40
18,Region18,41,Hub41,18-41
18,Region18,42,Hub42,18-42
18,Region18,43,Hub43,18-43
18,Region18,44,Hub44,18-44
18,Region18,45,Hub45,18-45
18,Region18,46,Hub46,18-46
18,Region18,47,Hub47,18-47
18,Region18,48,Hub48,18-48
18,Region18,49,Hub49,18-49
18,Region18,50,Hub50,18-50
18,Region18,51,Hub51,18-51
18,Region18,52,Hub52,18-52
18,Region18,53,Hub53,18-53
18,Region18,54,Hub54,18-54
18,Region18,55,Hub55,18-55
18,Region18,56,Hub56,18-56
18,Region18,57,Hub57,18-57
18,Region18,58,Hub58,18-58
18,Region18,59,Hub59,18-59
18,Region18,60,Hub60,18-60
18,Region18,61,Hub61,18-61
18,Region18,62,Hub62,18-62
18,Region18,63,Hub63,18-63
18,Region18,64,Hub64,18-64
18,Region18,65,Hub65,18-65
18,Region18,66,Hub66,18-66
18,Region18,67,Hub67,18-67
18,Region18,68,Hub68,18-68
18,Region18,69,Hub69,18-69
18,Region18,70,Hub70,18-70
18,Region18,71,Hub71,18-71
18,Region18,72,Hub72,18-72
18,Region18,73,Hub73,18-73
18,Region18,74,Hub74,18-74
18,Region18,75,Hub75,18-75
18,Region18,76,Hub76,18-76
18,Region18,77,Hub77,18-77
18,Region18,78,Hub78,18-78
18,Region18,79,Hub79,18-79
18,Region18,80,Hub80,18-80
18,Region18,81,Hub81,18-81
18,Region18,82,Hub82,18-82
18,Region18,83,Hub83,18-83
18,Region18,84,Hub84,18-84
18,Region18,85,Hub85,18-85
18,Region18,86,Hub86,18-86
18,Region18,87,Hub87,18-87
18,Region18,88,Hub88,18-88
18,Region18,89,Hub89,18-89
18,Region18,90,Hub90,18-90
18,Region18,91,Hub91,18-91
18,Region18,92,Hub92,18-92
18,Region18,93,Hub93,18-93
18,Region18,94,Hub94,18-94
18,Region18,95,Hub95,18-95
18,Region18,96,Hub96,18-96
18,Region18,97,Hub97,18-97
18,Region18,98,Hub98,18-98
18,Region18,99,Hub99,18-99
18,Region18,100,Hub100,18-100
19,Region19,1,Hub1,19-1
19,Region19,2,Hub2,19-2
19,Region19,3,Hub3,19-3
19,Region19,4,Hub4,19-4
19,Region19,5,Hub5,19-5
19,Region19,6,Hub6,19-6
19,Region19,7,Hub7,19-7
19,Region19,8,Hub8,19-8
19,Region19,9,Hub9,19-9
19,Region19,10,Hub10,19-10
19,Region19,11,Hub11,19-11
19,Region19,12,Hub12,19-12
19,Region19,13,Hub13,19-13
19,Region19,14,Hub14,19-14
19,Region19,15,Hub15,19-15
19,Region19,16,Hub16,19-16
19,Region19,17,Hub17,19-17
19,Region19,18,Hub18,19-18
19,Region19,19,Hub19,19-19
19,Region19,20,Hub20,19-20
19,Region19,21,Hub21,19-21
19,Region19,22,Hub22,19-22
19,Region19,23,Hub23,19-23
19,Region19,24,Hub24,19-24
19,Region19,25,Hub25,19-25
19,Region19,26,Hub26,19-26
19,Region19,27,Hub27,19-27
19,Region19,28,Hub28,19-28
19,Region19,29,Hub29,19-29
19,Region19,30,Hub30,19-30
19,Region19,31,Hub31,19-31
19,Region19,32,Hub32,19-32
19,Region19,33,Hub33,19-33
19,Region19,34,Hub34,19-34
19,Region19,35,Hub35,19-35
19,Region19,36,Hub36,19-36
19,Region19,37,Hub37,19-37
19,Region19,38,Hub38,19-38
19,Region19,39,Hub39,19-39
19,Region19,40,Hub40,19-40
19,Region19,41,Hub41,19-41
19,Region19,42,Hub42,19-42
19,Region19,43,Hub43,19-43
19,Region19,44,Hub44,19-44
19,Region19,45,Hub45,19-45
19,Region19,46,Hub46,19-46
19,Region19,47,Hub47,19-47
19,Region19,48,Hub48,19-48
19,Region19,49,Hub49,19-49
19,Region19,50,Hub50,19-50
19,Region19,51,Hub51,19-51
19,Region19,52,Hub52,19-52
19,Region19,53,Hub53,19-53
19,Region19,54,Hub54,19-54
19,Region19,55,Hub55,19-55
19,Region19,56,Hub56,19-56
19,Region19,57,Hub57,19-57
19,Region19,58,Hub58,19-58
19,Region19,59,Hub59,19-59
19,Region19,60,Hub60,19-60
19,Region19,61,Hub61,19-61
19,Region19,62,Hub62,19-62
19,Region19,63,Hub63,19-63
19,Region19,64,Hub64,19-64
19,Region19,65,Hub65,19-65
19,Region19,66,Hub66,19-66
19,Region19,67,Hub67,19-67
19,Region19,68,Hub68,19-68
19,Region19,69,Hub69,19-69
19,Region19,70,Hub70,19-70
19,Region19,71,Hub71,19-71
19,Region19,72,Hub72,19-72
19,Region19,73,Hub73,19-73
19,Region19,74,Hub74,19-74
19,Region19,75,Hub75,19-75
19,Region19,76,Hub76,19-76
19,Region19,77,Hub77,19-77
19,Region19,78,Hub78,19-78
19,Region19,79,Hub79,19-79
19,Region19,80,Hub80,19-80
19,Region19,81,Hub81,19-81
19,Region19,82,Hub82,19-82
19,Region19,83,Hub83,19-83
19,Region19,84,Hub84,19-84
19,Region19,85,Hub85,19-85
19,Region19,86,Hub86,19-86
19,Region19,87,Hub87,19-87
19,Region19,88,Hub88,19-88
19,Region19,89,Hub89,19-89
19,Region19,90,Hub90,19-90
19,Region19,91,Hub91,19-91
19,Region19,92,Hub92,19-92
19,Region19,93,Hub93,19-93
19,Region19,94,Hub94,19-94
19,Region19,95,Hub95,19-95
19,Region19,96,Hub96,19-96
19,Region19,97,Hub97,19-97
19,Region19,98,Hub98,19-98
19,Region19,99,Hub99,19-99
19,Region19,100,Hub100,19-100
20,Region20,1,Hub1,20-1
20,Region20,2,Hub2,20-2
20,Region20,3,Hub3,20-3
20,Region20,4,Hub4,20-4
20,Region20,5,Hub5,20-5
20,Region20,6,Hub6,20-6
20,Region20,7,Hub7,20-7
20,Region20,8,Hub8,20-8
20,Region20,9,Hub9,20-9
20,Region20,10,Hub10,20-10
20,Region20,11,Hub11,20-11
20,Region20,12,Hub12,20-12
20,Region20,13,Hub13,20-13
20,Region20,14,Hub14,20-14
20,Region20,15,Hub15,20-15
20,Region20,16,Hub16,20-16
20,Region20,17,Hub17,20-17
20,Region20,18,Hub18,20-18
20,Region20,19,Hub19,20-19
20,Region20,20,Hub20,20-20
20,Region20,21,Hub21,20-21
20,Region20,22,Hub22,20-22
20,Region20,23,Hub23,20-23
20,Region20,24,Hub24,20-24
20,Region20,25,Hub25,20-25
20,Region20,26,Hub26,20-26
20,Region20,27,Hub27,20-27
20,Region20,28,Hub28,20-28
20,Region20,29,Hub29,20-29
20,Region20,30,Hub30,20-30
20,Region20,31,Hub31,20-31
20,Region20,32,Hub32,20-32
20,Region20,33,Hub33,20-33
20,Region20,34,Hub34,20-34
20,Region20,35,Hub35,20-35
20,Region20,36,Hub36,20-36
20,Region20,37,Hub37,20-37
20,Region20,38,Hub38,20-38
20,Region20,39,Hub39,20-39
20,Region20,40,Hub40,20-40
20,Region20,41,Hub41,20-41
20,Region20,42,Hub42,20-42
20,Region20,43,Hub43,20-43
20,Region20,44,Hub44,20-44
20,Region20,45,Hub45,20-45
20,Region20,46,Hub46,20-46
20,Region20,47,Hub47,20-47
20,Region20,48,Hub48,20-48
20,Region20,49,Hub49,20-49
20,Region20,50,Hub50,20-50
20,Region20,51,Hub51,20-51
20,Region20,52,Hub52,20-52
20,Region20,53,Hub53,20-53
20,Region20,54,Hub54,20-54
20,Region20,55,Hub55,20-55
20,Region20,56,Hub56,20-56
20,Region20,57,Hub57,20-57
20,Region20,58,Hub58,20-58
20,Region20,59,Hub59,20-59
20,Region20,60,Hub60,20-60
20,Region20,61,Hub61,20-61
20,Region20,62,Hub62,20-62
20,Region20,63,Hub63,20-63
20,Region20,64,Hub64,20-64
20,Region20,65,Hub65,20-65
20,Region20,66,Hub66,20-66
20,Region20,67,Hub67,20-67
20,Region20,68,Hub68,20-68
20,Region20,69,Hub69,20-69
20,Region20,70,Hub70,20-70
20,Region20,71,Hub71,20-71
20,Region20,72,Hub72,20-72
20,Region20,73,Hub73,20-73
20,Region20,74,Hub74,20-74
20,Region20,75,Hub75,20-75
20,Region20,76,Hub76,20-76
20,Region20,77,Hub77,20-77
20,Region20,78,Hub78,20-78
20,Region20,79,Hub79,20-79
20,Region20,80,Hub80,20-80
20,Region20,81,Hub81,20-81
20,Region20,82,Hub82,20-82
20,Region20,83,Hub83,20-83
20,Region20,84,Hub84,20-84
20,Region20,85,Hub85,20-85
20,Region20,86,Hub86,20-86
20,Region20,87,Hub87,20-87
20,Region20,88,Hub88,20-88
20,Region20,89,Hub89,20-89
20,Region20,90,Hub90,20-90
20,Region20,91,Hub91,20-91
20,Region20,92,Hub92,20-92
20,Region20,93,Hub93,20-93
20,Region20,94,Hub94,20-94
20,Region20,95,Hub95,20-95
20,Region20,96,Hub96,20-96
20,Region20,97,Hub97,20-97
20,Region20,98,Hub98,20-98
20,Region20,99,Hub99,20-99
20,Region20,100,Hub100,20-100
21,Region21,1,Hub1,21-1
21,Region21,2,Hub2,21-2
21,Region21,3,Hub3,21-3
21,Region21,4,Hub4,21-4
21,Region21,5,Hub5,21-5
21,Region21,6,Hub6,21-6
21,Region21,7,Hub7,21-7
21,Region21,8,Hub8,21-8
21,Region21,9,Hub9,21-9
21,Region21,10,Hub10,21-10
21,Region21,11,Hub11,21-11
21,Region21,12,Hub12,21-12
21,Region21,13,Hub13,21-13
21,Region21,14,Hub14,21-14
21,Region21,15,Hub15,21-15
21,Region21,16,Hub16,21-16
21,Region21,17,Hub17,21-17
21,Region21,18,Hub18,21-18
21,Region21,19,Hub19,21-19
21,Region21,20,Hub20,21-20
21,Region21,21,Hub21,21-21
21,Region21,22,Hub22,21-22
21,Region21,23,Hub23,21-23
21,Region21,24,Hub24,21-24
21,Region21,25,Hub25,21-25
21,Region21,26,Hub26,21-26
21,Region21,27,Hub27,21-27
21,Region21,28,Hub28,21-28
21,Region21,29,Hub29,21-29
21,Region21,30,Hub30,21-30
21,Region21,31,Hub31,21-31
21,Region21,32,Hub32,21-32
21,Region21,33,Hub33,21-33
21,Region21,34,Hub34,21-34
21,Region21,35,Hub35,21-35
21,Region21,36,Hub36,21-36
21,Region21,37,Hub37,21-37
21,Region21,38,Hub38,21-38
21,Region21,39,Hub39,21-39
21,Region21,40,Hub40,21-40
21,Region21,41,Hub41,21-41
21,Region21,42,Hub42,21-42
21,Region21,43,Hub43,21-43
21,Region21,44,Hub44,21-44
21,Region21,45,Hub45,21-45
21,Region21,46,Hub46,21-46
21,Region21,47,Hub47,21-47
21,Region21,48,Hub48,21-48
21,Region21,49,Hub49,21-49
21,Region21,50,Hub50,21-50
21,Region21,51,Hub51,21-51
21,Region21,52,Hub52,21-52
21,Region21,53,Hub53,21-53
21,Region21,54,Hub54,21-54
21,Region21,55,Hub55,21-55
21,Region21,56,Hub56,21-56
21,Region21,57,Hub57,21-57
21,Region21,58,Hub58,21-58
21,Region21,59,Hub59,21-59
21,Region21,60,Hub60,21-60
21,Region21,61,Hub61,21-61
21,Region21,62,Hub62,21-62
21,Region21,63,Hub63,21-63
21,Region21,64,Hub64,21-64
21,Region21,65,Hub65,21-65
21,Region21,66,Hub66,21-66
21,Region21,67,Hub67,21-67
21,Region21,68,Hub68,21-68
21,Region21,69,Hub69,21-69
21,Region21,70,Hub70,21-70
21,Region21,71,Hub71,21-71
21,Region21,72,Hub72,21-72
21,Region21,73,Hub73,21-73
21,Region21,74,Hub74,21-74
21,Region21,75,Hub75,21-75
21,Region21,76,Hub76,21-76
21,Region21,77,Hub77,21-77
21,Region21,78,Hub78,21-78
21,Region21,79,Hub79,21-79
21,Region21,80,Hub80,21-80
21,Region21,81,Hub81,21-81
21,Region21,82,Hub82,21-82
21,Region21,83,Hub83,21-83
21,Region21,84,Hub84,21-84
21,Region21,85,Hub85,21-85
21,Region21,86,Hub86,21-86
21,Region21,87,Hub87,21-87
21,Region21,88,Hub88,21-88
21,Region21,89,Hub89,21-89
21,Region21,90,Hub90,21-90
21,Region21,91,Hub91,21-91
21,Region21,92,Hub92,21-92
21,Region21,93,Hub93,21-93
21,Region21,94,Hub94,21-94
21,Region21,95,Hub95,21-95
21,Region21,96,Hub96,21-96
21,Region21,97,Hub97,21-97
21,Region21,98,Hub98,21-98
21,Region21,99,Hub99,21-99
21,Region21,100,Hub100,21-100
22,Region22,1,Hub1,22-1
22,Region22,2,Hub2,22-2
22,Region22,3,Hub3,22-3
22,Region22,4,Hub4,22-4
22,Region22,5,Hub5,22-5
22,Region22,6,Hub6,22-6
22,Region22,7,Hub7,22-7
22,Region22,8,Hub8,22-8
22,Region22,9,Hub9,22-9
22,Region22,10,Hub10,22-10
22,Region22,11,Hub11,22-11
22,Region22,12,Hub12,22-12
22,Region22,13,Hub13,22-13
22,Region22,14,Hub14,22-14
22,Region22,15,Hub15,22-15
22,Region22,16,Hub16,22-16
22,Region22,17,Hub17,22-17
22,Region22,18,Hub18,22-18
22,Region22,19,Hub19,22-19
22,Region22,20,Hub20,22-20
22,Region22,21,Hub21,22-21
22,Region22,22,Hub22,22-22
22,Region22,23,Hub23,22-23
22,Region22,24,Hub24,22-24
22,Region22,25,Hub25,22-25
22,Region22,26,Hub26,22-26
22,Region22,27,Hub27,22-27
22,Region22,28,Hub28,22-28
22,Region22,29,Hub29,22-29
22,Region22,30,Hub30,22-30
22,Region22,31,Hub31,22-31
22,Region22,32,Hub32,22-32
22,Region22,33,Hub33,22-33
22,Region22,34,Hub34,22-34
22,Region22,35,Hub35,22-35
22,Region22,36,Hub36,22-36
22,Region22,37,Hub37,22-37
22,Region22,38,Hub38,22-38
22,Region22,39,Hub39,22-39
22,Region22,40,Hub40,22-40
22,Region22,41,Hub41,22-41
22,Region22,42,Hub42,22-42
22,Region22,43,Hub43,22-43
22,Region22,44,Hub44,22-44
22,Region22,45,Hub45,22-45
22,Region22,46,Hub46,22-46
22,Region22,47,Hub47,22-47
22,Region22,48,Hub48,22-48
22,Region22,49,Hub49,22-49
22,Region22,50,Hub50,22-50
22,Region22,51,Hub51,22-51
22,Region22,52,Hub52,22-52
22,Region22,53,Hub53,22-53
22,Region22,54,Hub54,22-54
22,Region22,55,Hub55,22-55
22,Region22,56,Hub56,22-56
22,Region22,57,Hub57,22-57
22,Region22,58,Hub58,22-58
22,Region22,59,Hub59,22-59
22,Region22,60,Hub60,22-60
22,Region22,61,Hub61,22-61
22,Region22,62,Hub62,22-62
22,Region22,63,Hub63,22-63
22,Region22,64,Hub64,22-64
22,Region22,65,Hub65,22-65
22,Region22,66,Hub66,22-66
22,Region22,67,Hub67,22-67
22,Region22,68,Hub68,22-68
22,Region22,69,Hub69,22-69
22,Region22,70,Hub70,22-70
22,Region22,71,Hub71,22-71
22,Region22,72,Hub72,22-72
22,Region22,73,Hub73,22-73
22,Region22,74,Hub74,22-74
22,Region22,75,Hub75,22-75
22,Region22,76,Hub76,22-76
22,Region22,77,Hub77,22-77
22,Region22,78,Hub78,22-78
22,Region22,79,Hub79,22-79
22,Region22,80,Hub80,22-80
22,Region22,81,Hub81,22-81
22,Region22,82,Hub82,22-82
22,Region22,83,Hub83,22-83
22,Region22,84,Hub84,22-84
22,Region22,85,Hub85,22-85
22,Region22,86,Hub86,22-86
22,Region22,87,Hub87,22-87
22,Region22,88,Hub88,22-88
22,Region22,89,Hub89,22-89
22,Region22,90,Hub90,22-90
22,Region22,91,Hub91,22-91
22,Region22,92,Hub92,22-92
22,Region22,93,Hub93,22-93
22,Region22,94,Hub94,22-94
22,Region22,95,Hub95,22-95
22,Region22,96,Hub96,22-96
22,Region22,97,Hub97,22-97
22,Region22,98,Hub98,22-98
22,Region22,99,Hub99,22-99
22,Region22,100,Hub100,22-100
23,Region23,1,Hub1,23-1
23,Region23,2,Hub2,23-2
23,Region23,3,Hub3,23-3
23,Region23,4,Hub4,23-4
23,Region23,5,Hub5,23-5
23,Region23,6,Hub6,23-6
23,Region23,7,Hub7,23-7
23,Region23,8,Hub8,23-8
23,Region23,9,Hub9,23-9
23,Region23,10,Hub10,23-10
23,Region23,11,Hub11,23-11
23,Region23,12,Hub12,23-12
23,Region23,13,Hub13,23-13
23,Region23,14,Hub14,23-14
23,Region23,15,Hub15,23-15
23,Region23,16,Hub16,23-16
23,Region23,17,Hub17,23-17
23,Region23,18,Hub18,23-18
23,Region23,19,Hub19,23-19
23,Region23,20,Hub20,23-20
23,Region23,21,Hub21,23-21
23,Region23,22,Hub22,23-22
23,Region23,23,Hub23,23-23
23,Region23,24,Hub24,23-24
23,Region23,25,Hub25,23-25
23,Region23,26,Hub26,23-26
23,Region23,27,Hub27,23-27
23,Region23,28,Hub28,23-28
23,Region23,29,Hub29,23-29
23,Region23,30,Hub30,23-30
23,Region23,31,Hub31,23-31
23,Region23,32,Hub32,23-32
23,Region23,33,Hub33,23-33
23,Region23,34,Hub34,23-34
23,Region23,35,Hub35,23-35
23,Region23,36,Hub36,23-36
23,Region23,37,Hub37,23-37
23,Region23,38,Hub38,23-38
23,Region23,39,Hub39,23-39
23,Region23,40,Hub40,23-40
23,Region23,41,Hub41,23-41
23,Region23,42,Hub42,23-42
23,Region23,43,Hub43,23-43
23,Region23,44,Hub44,23-44
23,Region23,45,Hub45,23-45
23,Region23,46,Hub46,23-46
23,Region23,47,Hub47,23-47
23,Region23,48,Hub48,23-48
23,Region23,49,Hub49,23-49
23,Region23,50,Hub50,23-50
23,Region23,51,Hub51,23-51
23,Region23,52,Hub52,23-52
23,Region23,53,Hub53,23-53
23,Region23,54,Hub54,23-54
23,Region23,55,Hub55,23-55
23,Region23,56,Hub56,23-56
23,Region23,57,Hub57,23-57
23,Region23,58,Hub58,23-58
23,Region23,59,Hub59,23-59
23,Region23,60,Hub60,23-60
23,Region23,61,Hub61,23-61
23,Region23,62,Hub62,23-62
23,Region23,63,Hub63,23-63
23,Region23,64,Hub64,23-64
23,Region23,65,Hub65,23-65
23,Region23,66,Hub66,23-66
23,Region23,67,Hub67,23-67
23,Region23,68,Hub68,23-68
23,Region23,69,Hub69,23-69
23,Region23,70,Hub70,23-70
23,Region23,71,Hub71,23-71
23,Region23,72,Hub72,23-72
23,Region23,73,Hub73,23-73
23,Region23,74,Hub74,23-74
23,Region23,75,Hub75,23-75
23,Region23,76,Hub76,23-76
23,Region23,77,Hub77,23-77
23,Region23,78,Hub78,23-78
23,Region23,79,Hub79,23-79
23,Region23,80,Hub80,23-80
23,Region23,81,Hub81,23-81
23,Region23,82,Hub82,23-82
23,Region23,83,Hub83,23-83
23,Region23,84,Hub84,23-84
23,Region23,85,Hub85,23-85
23,Region23,86,Hub86,23-86
23,Region23,87,Hub87,23-87
23,Region23,88,Hub88,23-88
23,Region23,89,Hub89,23-89
23,Region23,90,Hub90,23-90
23,Region23,91,Hub91,23-91
23,Region23,92,Hub92,23-92
23,Region23,93,Hub93,23-93
23,Region23,94,Hub94,23-94
23,Region23,95,Hub95,23-95
23,Region23,96,Hub96,23-96
23,Region23,97,Hub97,23-97
23,Region23,98,Hub98,23-98
23,Region23,99,Hub99,23-99
23,Region23,100,Hub100,23-100
24,Region24,1,Hub1,24-1
24,Region24,2,Hub2,24-2
24,Region24,3,Hub3,24-3
24,Region24,4,Hub4,24-4
24,Region24,5,Hub5,24-5
24,Region24,6,Hub6,24-6
24,Region24,7,Hub7,24-7
24,Region24,8,Hub8,24-8
24,Region24,9,Hub9,24-9
24,Region24,10,Hub10,24-10
24,Region24,11,Hub11,24-11
24,Region24,12,Hub12,24-12
24,Region24,13,Hub13,24-13
24,Region24,14,Hub14,24-14
24,Region24,15,Hub15,24-15
24,Region24,16,Hub16,24-16
24,Region24,17,Hub17,24-17
24,Region24,18,Hub18,24-18
24,Region24,19,Hub19,24-19
24,Region24,20,Hub20,24-20
24,Region24,21,Hub21,24-21
24,Region24,22,Hub22,24-22
24,Region24,23,Hub23,24-23
24,Region24,24,Hub24,24-24
24,Region24,25,Hub25,24-25
24,Region24,26,Hub26,24-26
24,Region24,27,Hub27,24-27
24,Region24,28,Hub28,24-28
24,Region24,29,Hub29,24-29
24,Region24,30,Hub30,24-30
24,Region24,31,Hub31,24-31
24,Region24,32,Hub32,24-32
24,Region24,33,Hub33,24-33
24,Region24,34,Hub34,24-34
24,Region24,35,Hub35,24-35
24,Region24,36,Hub36,24-36
24,Region24,37,Hub37,24-37
24,Region24,38,Hub38,24-38
24,Region24,39,Hub39,24-39
24,Region24,40,Hub40,24-40
24,Region24,41,Hub41,24-41
24,Region24,42,Hub42,24-42
24,Region24,43,Hub43,24-43
24,Region24,44,Hub44,24-44
24,Region24,45,Hub45,24-45
24,Region24,46,Hub46,24-46
24,Region24,47,Hub47,24-47
24,Region24,48,Hub48,24-48
24,Region24,49,Hub49,24-49
24,Region24,50,Hub50,24-50
24,Region24,51,Hub51,24-51
24,Region24,52,Hub52,24-52
24,Region24,53,Hub53,24-53
24,Region24,54,Hub54,24-54
24,Region24,55,Hub55,24-55
24,Region24,56,Hub56,24-56
24,Region24,57,Hub57,24-57
24,Region24,58,Hub58,24-58
24,Region24,59,Hub59,24-59
24,Region24,60,Hub60,24-60
24,Region24,61,Hub61,24-61
24,Region24,62,Hub62,24-62
24,Region24,63,Hub63,24-63
24,Region24,64,Hub64,24-64
24,Region24,65,Hub65,24-65
24,Region24,66,Hub66,24-66
24,Region24,67,Hub67,24-67
24,Region24,68,Hub68,24-68
24,Region24,69,Hub69,24-69
24,Region24,70,Hub70,24-70
24,Region24,71,Hub71,24-71
24,Region24,72,Hub72,24-72
24,Region24,73,Hub73,24-73
24,Region24,74,Hub74,24-74
24,Region24,75,Hub75,24-75
24,Region24,76,Hub76,24-76
24,Region24,77,Hub77,24-77
24,Region24,78,Hub78,24-78
24,Region24,79,Hub79,24-79
24,Region24,80,Hub80,24-80
24,Region24,81,Hub81,24-81
24,Region24,82,Hub82,24-82
24,Region24,83,Hub83,24-83
24,Region24,84,Hub84,24-84
24,Region24,85,Hub85,24-85
24,Region24,86,Hub86,24-86
24,Region24,87,Hub87,24-87
24,Region24,88,Hub88,24-88
24,Region24,89,Hub89,24-89
24,Region24,90,Hub90,24-90
24,Region24,91,Hub91,24-91
24,Region24,92,Hub92,24-92
24,Region24,93,Hub93,24-93
24,Region24,94,Hub94,24-94
24,Region24,95,Hub95,24-95
24,Region24,96,Hub96,24-96
24,Region24,97,Hub97,24-97
24,Region24,98,Hub98,24-98
24,Region24,99,Hub99,24-99
24,Region24,100,Hub100,24-100
25,Region25,1,Hub1,25-1
25,Region25,2,Hub2,25-2
25,Region25,3,Hub3,25-3
25,Region25,4,Hub4,25-4
25,Region25,5,Hub5,25-5
25,Region25,6,Hub6,25-6
25,Region25,7,Hub7,25-7
25,Region25,8,Hub8,25-8
25,Region25,9,Hub9,25-9
25,Region25,10,Hub10,25-10
25,Region25,11,Hub11,25-11
25,Region25,12,Hub12,25-12
25,Region25,13,Hub13,25-13
25,Region25,14,Hub14,25-14
25,Region25,15,Hub15,25-15
25,Region25,16,Hub16,25-16
25,Region25,17,Hub17,25-17
25,Region25,18,Hub18,25-18
25,Region25,19,Hub19,25-19
25,Region25,20,Hub20,25-20
25,Region25,21,Hub21,25-21
25,Region25,22,Hub22,25-22
25,Region25,23,Hub23,25-23
25,Region25,24,Hub24,25-24
25,Region25,25,Hub25,25-25
25,Region25,26,Hub26,25-26
25,Region25,27,Hub27,25-27
25,Region25,28,Hub28,25-28
25,Region25,29,Hub29,25-29
25,Region25,30,Hub30,25-30
25,Region25,31,Hub31,25-31
25,Region25,32,Hub32,25-32
25,Region25,33,Hub33,25-33
25,Region25,34,Hub34,25-34
25,Region25,35,Hub35,25-35
25,Region25,36,Hub36,25-36
25,Region25,37,Hub37,25-37
25,Region25,38,Hub38,25-38
25,Region25,39,Hub39,25-39
25,Region25,40,Hub40,25-40
25,Region25,41,Hub41,25-41
25,Region25,42,Hub42,25-42
25,Region25,43,Hub43,25-43
25,Region25,44,Hub44,25-44
25,Region25,45,Hub45,25-45
25,Region25,46,Hub46,25-46
25,Region25,47,Hub47,25-47
25,Region25,48,Hub48,25-48
25,Region25,49,Hub49,25-49
25,Region25,50,Hub50,25-50
25,Region25,51,Hub51,25-51
25,Region25,52,Hub52,25-52
25,Region25,53,Hub53,25-53
25,Region25,54,Hub54,25-54
25,Region25,55,Hub55,25-55
25,Region25,56,Hub56,25-56
25,Region25,57,Hub57,25-57
25,Region25,58,Hub58,25-58
25,Region25,59,Hub59,25-59
25,Region25,60,Hub60,25-60
25,Region25,61,Hub61,25-61
25,Region25,62,Hub62,25-62
25,Region25,63,Hub63,25-63
25,Region25,64,Hub64,25-64
25,Region25,65,Hub65,25-65
25,Region25,66,Hub66,25-66
25,Region25,67,Hub67,25-67
25,Region25,68,Hub68,25-68
25,Region25,69,Hub69,25-69
25,Region25,70,Hub70,25-70
25,Region25,71,Hub71,25-71
25,Region25,72,Hub72,25-72
25,Region25,73,Hub73,25-73
25,Region25,74,Hub74,25-74
25,Region25,75,Hub75,25-75
25,Region25,76,Hub76,25-76
25,Region25,77,Hub77,25-77
25,Region25,78,Hub78,25-78
25,Region25,79,Hub79,25-79
25,Region25,80,Hub80,25-80
25,Region25,81,Hub81,25-81
25,Region25,82,Hub82,25-82
25,Region25,83,Hub83,25-83
25,Region25,84,Hub84,25-84
25,Region25,85,Hub85,25-85
25,Region25,86,Hub86,25-86
25,Region25,87,Hub87,25-87
25,Region25,88,Hub88,25-88
25,Region25,89,Hub89,25-89
25,Region25,90,Hub90,25-90
25,Region25,91,Hub91,25-91
25,Region25,92,Hub92,25-92
25,Region25,93,Hub93,25-93
25,Region25,94,Hub94,25-94
25,Region25,95,Hub95,25-95
25,Region25,96,Hub96,25-96
25,Region25,97,Hub97,25-97
25,Region25,98,Hub98,25-98
25,Region25,99,Hub99,25-99
25,Region25,100,Hub100,25-100

